,100_view_title
0,Sanji Lying | Luffy Punches Him - One Piece 825
1,Full Powered Jiren Knocks Off Mastered Ultra Instinct Goku Frieza Saves Him (DBS English Subbed 130)
2,Katakuri vs Luffy | Jinbe Saves Luffy  - One Piece 833
3,æ˜ ç”»ã€BLEACHã€æœ€æ–°äºˆå‘Šã€HDã€‘2018å¹´7æœˆ20æ—¥ï¼ˆé‡‘ï¼‰å…¬é–‹
4,ã€ãƒ‰ãƒ©ã‚´ãƒ³ãƒœãƒ¼ãƒ«è¶…ã€‘å®‡å®™ã‚µãƒã‚¤ãƒãƒ«ç·¨PVï½èº«å‹æ‰‹ã®æ¥µæ„ç™ºå‹•ï½
5,Honest Trailers - Jumanji: Welcome To The Jungle
6,Honest Trailers - Justice League
7,ã€åŒ—æ–—ã®æ‹³ã€‘åŸå“²å¤«å…ˆç”ŸãŒæãâ—¯â—¯ãŒå…¨å“¡ã€ä¸–ç´€æœ«ã™ãã‚‹ä»¶
8,ã€åŒ—æ–—ã®æ‹³ã€‘åŸå“²å¤«å…ˆç”ŸãŒæãâ—¯â—¯ãŒå…¨å“¡ã€ä¸–ç´€æœ«ã™ãã‚‹ä»¶
9,Sanji Lying | Luffy Punches Him - One Piece 825
10,"Mitsuki vs Toroi, Inojin vs Araya, Sarada Win in 3 Seconds - Boruto Chunin Exams, Boruto Ep 58"
11,"Mitsuki vs Toroi, Inojin vs Araya, Sarada Win in 3 Seconds - Boruto Chunin Exams, Boruto Ep 58"
12,"Mitsuki vs Toroi, Inojin vs Araya, Sarada Win in 3 Seconds - Boruto Chunin Exams, Boruto Ep 58"
13,"Mitsuki vs Toroi, Inojin vs Araya, Sarada Win in 3 Seconds - Boruto Chunin Exams, Boruto Ep 58"
14,Germa 66 Transformation [Vinsmokes] | vs Big mom Pirates - One Piece 839
15,Honest Trailers - Thor: Ragnarok
16,Film Theory: Willy Wonka and the Golden Ticket SCAM! (Willy Wonka and the Chocolate Factory)
17,Meliodas vs. Galand - Nanatsu no Taizai: Imashime no Fukkatsu AMV -
18,"Hebbuli (2018) New Released Full Hindi Dubbed Movie | Sudeep, Amala Paul, Kabir Duhan Singh"
19,Lucas the Spider - Encore
20,Christopher Robin Official Trailer
21,Everything Wrong With Thor Ragnarok In 15 Minutes Or Less
22,GOKU MASTERS ULTRA INSTINCT! | DBS | 129 | Full HD | English Subs
23,Sanji Saves Vinesmokes | vs Daifuku - One Piece 835
24,Sanji Saves Vinesmokes | vs Daifuku - One Piece 835
25,ã€åŒ—æ–—ã®æ‹³ã€‘åŸå“²å¤«å…ˆç”ŸãŒæãâ—¯â—¯ãŒå…¨å“¡ã€ä¸–ç´€æœ«ã™ãã‚‹ä»¶
26,ã€åŒ—æ–—ã®æ‹³ã€‘åŸå“²å¤«å…ˆç”ŸãŒæãâ—¯â—¯ãŒå…¨å“¡ã€ä¸–ç´€æœ«ã™ãã‚‹ä»¶
27,The Predator | Teaser Trailer [HD] | 20th Century FOX
28,Honest Trailers - Black Panther
29,Honest Trailers - Black Panther
30,"VIP-2 Lalkar (Velaiilla Pattadhari 2) 2018 New Released Full Hindi Dubbed Movie | Dhanush, Kajol"
31,Film Theory: Thanos Was RIGHT!! (Avengers Infinity War)
32,Film Theory: Thanos Was RIGHT!! (Avengers Infinity War)
33,do you know how big my mousepad is?
34,Christopher Robin Official Teaser Trailer
35,Christopher Robin Official Teaser Trailer
36,Incredibles 2 - Olympics Sneak Peek
37,Incredibles 2 - Olympics Sneak Peek
38,Ralph Breaks the Internet: Wreck-It Ralph 2 Official Trailer
39,Ralph Breaks the Internet: Wreck-It Ralph 2 Official Trailer
40,Mary Poppins Returns Official Teaser Trailer
41,RĞµĞ°l ĞœĞ°drid vs LivĞµrÑ€Ğ¾Ğ¾l 3-1 Ğll Goals & Full Ğighlights 26/O5/2O18 HD
42,Ralph Breaks The Internet: Wreck-It Ralph 2 Official Teaser Trailer
43,Ralph Breaks The Internet: Wreck-It Ralph 2 Official Teaser Trailer
44,Christopher Robin Official Teaser Trailer
45,Christopher Robin Official Teaser Trailer
46,Dumbo Official Teaser Trailer
47,Dumbo Official Teaser Trailer
48,"The Meg Official Trailer #1 (2018) Jason Statham, Ruby Rose Megalodon Shark Movie HD"
49,Incredibles 2 Official Trailer
50,Kaala (Tamil) - Official Teaser | Rajinikanth | Pa Ranjith | Dhanush | Santhosh Narayanan
51,Mission: Impossible - Fallout (2018) - Official Trailer - Paramount Pictures
52,Mission: Impossible - Fallout (2018) - Official Trailer - Paramount Pictures
53,Ralph Breaks The Internet: Wreck-It Ralph 2 Official Teaser Trailer
54,Deadpool 2 | The Trailer
55,Deadpool 2 | The Trailer
56,Dhadak | Official Trailer | Janhvi & Ishaan | Shashank Khaitan | Karan Johar
57,ThÃ¬ ra Ä‘i SiÃªu Xe khÃ´ng sÆ°á»›ng nhÆ° má»i ngÆ°á»i váº«n nghÄ©
58,å‰²ã‚Šè¾¼ã‚“ã§ãƒ‰ãƒ¼ãƒ¼ãƒ¼ãƒ¼ãƒ³ï¼ï¼ï¼
59,å‰²ã‚Šè¾¼ã‚“ã§ãƒ‰ãƒ¼ãƒ¼ãƒ¼ãƒ¼ãƒ³ï¼ï¼ï¼
60,å‰²ã‚Šè¾¼ã‚“ã§ãƒ‰ãƒ¼ãƒ¼ãƒ¼ãƒ¼ãƒ³ï¼ï¼ï¼
61,TWICE TV What is Love? EP.01
62,ä¸‰ä»£ç›® J Soul Brothers from EXILE TRIBE / æ‹ã¨æ„›
63,"The Chainsmokers, Drew Love - Somebody (Official Video)"
64,"The Chainsmokers, Drew Love - Somebody (Official Video)"
65,"Calvin Harris, Dua Lipa - One Kiss (Official Video)"
66,[MV] ë§ˆë§ˆë¬´(MAMAMOO) - ë³„ì´ ë¹›ë‚˜ëŠ” ë°¤(Starry night)
67,MOMOLANDã€ŒBBoom BBoom -Japanese ver.-ã€Music Video
68,MOMOLANDã€ŒBBoom BBoom -Japanese ver.-ã€Music Video
69,TWICE What is Love? M/V TEASER 4
70,TWICE What is Love? M/V TEASER 3
71,TWICE What is Love? M/V TEASER 3
72,"Tinashe - Me So Bad (Official Video) ft. Ty Dolla $ign, French Montana"
73,TWICE What is Love? Dance Video
74,[MV] JBJ _ Call Your Name(ë¶€ë¥¼ê²Œ)
75,Dua Lipa - New Rules (Live at The BRIT Awards 2018)
76,Phim Ca Nháº¡c Ngáº¯m Hoa Lá»‡ RÆ¡i - ChÃ¢u Kháº£i Phong x Dung Doll | Phim Cá»• Trang Hay Nháº¥t 2018
77,Clean Bandit - Solo feat. Demi Lovato [Official Video]
78,Clean Bandit - Solo feat. Demi Lovato [Official Video]
79,Rossi Masih Berani ! Full Race MotoGP Losail Qatar 2018 18 Maret 2018
80,GOT7 Look Teaser Video
81,TWICE What is Love? M/V TEASER 5
82,TWICE What is Love? M/V TEASER 5
83,BTS (ë°©íƒ„ì†Œë…„ë‹¨) - Best Of Me @ BTS COMEBACK SHOW | HIGHLIGHT REEL
84,ë¹…ìŠ¤(VIXX) - 'í–¥ (Scentist)' Official M/V
85,CHáº Y NGAY ÄI | SÆ N TÃ™NG M-TP - Official Trailer
86,"Logic, Marshmello - Everyday"
87,TWICE What is Love? Dance Video (for ONCE Ver.)
88,Rá»i Bá» - Official Music Video | HÃ²a Minzy
89,[OFFICIAL VIDEO] HAVANA - PENTATONIX
90,[OFFICIAL VIDEO] HAVANA - PENTATONIX
91,TWICE What is Love? M/V TEASER 2
92,TWICE What is Love? M/V TEASER 2
93,Full Race MotoGP Jerez Spanyol 6 Mei 2018 Live
94,TWICEã€ŒCandy Popã€Dance Practice ver.
95,"Dua Lipa - IDGAF ft. Charli XCX, Zara Larsson, MÃ˜, Alma, in the Live Lounge"
96,[OFFICIAL VIDEO] Perfect - Pentatonix
97,æ˜Ÿé‡æº - ãƒ‰ãƒ©ãˆã‚‚ã‚“ ã€MUSIC VIDEO & ç‰¹å…¸DVDäºˆå‘Šç·¨ã€‘
98,æ˜Ÿé‡æº - ãƒ‰ãƒ©ãˆã‚‚ã‚“ ã€MUSIC VIDEO & ç‰¹å…¸DVDäºˆå‘Šç·¨ã€‘
99,A$AP Rocky - A$AP Forever (Official Video) ft. Moby
100,"Jay Rock, Kendrick Lamar, Future, James Blake - King's Dead"
101,TVXQ! ë™ë°©ì‹ ê¸° 'ìš´ëª… (The Chance of Love)' MV
102,TVXQ! ë™ë°©ì‹ ê¸° 'ìš´ëª… (The Chance of Love)' MV
103,SHINee ìƒ¤ì´ë‹ˆ 'I Want You' MV
104,TWICEã€ŒBRAND NEW GIRLã€Music Video
105,TWICEã€ŒBRAND NEW GIRLã€Music Video
106,ä¹ƒæœ¨å‚46 ã€ã‚·ãƒ³ã‚¯ãƒ­ãƒ‹ã‚·ãƒ†ã‚£ã€
107,TWICE What is Love? M/V TEASER
108,TWICE What is Love? M/V TEASER
109,[EPISODE] j-hope 1st mixtape MV Shooting #2
110,[OFFICIAL VIDEO] Attention - Pentatonix
111,[OFFICIAL VIDEO] Attention - Pentatonix
112,"LSD - Audio ft. Sia, Diplo, Labrinth"
113,Chris Brown - Tempo
114,The Chainsmokers - Everybody Hates Me
115,The Chainsmokers - Everybody Hates Me
116,ë¹…ìŠ¤(VIXX) - 'í–¥ (Scentist)' Official M/V
117,"Diplo, French Montana & Lil Pump ft. Zhavia - Welcome To The Party (Official Video)"
118,"Diplo, French Montana & Lil Pump ft. Zhavia - Welcome To The Party (Official Video)"
119,"[Comeback Stage] TWICE - What is Love?, íŠ¸ì™€ì´ìŠ¤ - ì™“ ì´ì¦ˆ ëŸ¬ë¸Œ? Show Music core 20180414"
120,"[Comeback Stage] TWICE - What is Love?, íŠ¸ì™€ì´ìŠ¤ - ì™“ ì´ì¦ˆ ëŸ¬ë¸Œ? Show Music core 20180414"
121,[EPISODE] j-hope 1st mixtape MV Shooting #2
122,Childish Gambino - This Is America (Live At SNL)
123,Christina Aguilera - Fall In Line (Official Video) ft. Demi Lovato
124,The Chainsmokers - Everybody Hates Me (Audio)
125,"Calvin Harris, Dua Lipa - One Kiss (ZHU Remix) (Audio)"
126,NCT U ì—”ì‹œí‹° ìœ  'Baby Don't Stop' MV
127,[MV] AOA _ Bingle Bangle(ë¹™ê¸€ë±…ê¸€)
128,[MV] AOA _ Bingle Bangle(ë¹™ê¸€ë±…ê¸€)
129,6IX9INE Billy (WSHH Exclusive - Official Music Video)
130,Migos - Walk It Talk It ft. Drake
131,NCT DREAM ì—”ì‹œí‹° ë“œë¦¼ 'GO' MV
132,NCT 127 'Chain' MV
133,6IX9INE Tati Feat. DJ SpinKing (WSHH Exclusive - Official Music Video)
134,ZAYN - Entertainer (Official Video)
135,G.C.F in Osaka
136,Marshmello & Anne-Marie - FRIENDS (Music Video) *OFFICIAL FRIENDZONE ANTHEM*
137,BTS (ë°©íƒ„ì†Œë…„ë‹¨) 'ë°©íƒ„íšŒì‹' #2018BTSFESTA
138,Maroon 5 - Wait
139,"Christina Aguilera - Accelerate (Official Video) ft. Ty Dolla $ign, 2 Chainz"
140,BÃCH PHÆ¯Æ NG - BÃ¹a YÃªu (Official M/V)
141,TWICEã€ŒWake Me Upã€Music Video
142,NCT U ì—”ì‹œí‹° ìœ  'BOSS' MV
143,[MV] AOA _ Bingle Bangle(ë¹™ê¸€ë±…ê¸€)
144,G.C.F in Osaka
145,BTS (ë°©íƒ„ì†Œë…„ë‹¨) - Anpanman @BTS COMEBACK SHOW
146,BTS (ë°©íƒ„ì†Œë…„ë‹¨) - Anpanman @BTS COMEBACK SHOW
147,Camila Cabello - Never Be the Same
148,J. Cole - ATM
149,J. Cole - ATM
150,TWICEã€ŒBRAND NEW GIRLã€Music Video
151,Maroon 5 - Girls Like You ft. Cardi B
152,Maroon 5 - Girls Like You ft. Cardi B
153,WINNER - â€˜EVERYDAYâ€™ M/V
154,Wanna One (ì›Œë„ˆì›) - 'ì¼œì¤˜ (Light)' M/V
155,SHINee ìƒ¤ì´ë‹ˆ 'ë°ë¦¬ëŸ¬ ê°€ (Good Evening)' MV
156,SHINee ìƒ¤ì´ë‹ˆ 'ë°ë¦¬ëŸ¬ ê°€ (Good Evening)' MV
157,ç±³æ´¥ç„å¸«  MVã€ŒLemonã€
158,ç±³æ´¥ç„å¸«  MVã€ŒLemonã€
159,Gorillaz - Humility (Official Video)
160,Gorillaz - Humility (Official Video)
161,J. Cole - Kevin's Heart
162,CÃ©line Dion - Ashes (from the Deadpool 2 Motion Picture Soundtrack)
163,The Chainsmokers - You Owe Me
164,Wanna One (ì›Œë„ˆì›) - 'ì•½ì†í•´ìš” (I.P.U.)' M/V l Special Theme Track
165,Wanna One (ì›Œë„ˆì›) - 'BOOMERANG (ë¶€ë©”ë‘)' M/V
166,OneRepublic ft. Logic â€“ Start Again (Audio)
167,OneRepublic ft. Logic â€“ Start Again (Audio)
168,[CHOREOGRAPHY] BTS (ë°©íƒ„ì†Œë…„ë‹¨) 'FAKE LOVE' Dance Practice
169,[CHOREOGRAPHY] BTS (ë°©íƒ„ì†Œë…„ë‹¨) 'FAKE LOVE' Dance Practice
170,Drake - God's Plan (Official Music Video)
171,Marshmello & Anne-Marie - FRIENDS [Alternative Music Video]
172,TWICEã€ŒWake Me Upã€Music Video
173,TWICEã€ŒWake Me Upã€Music Video
174,Sanju: Kar Har Maidaan Fateh | Ranbir Kapoor | Rajkumar Hirani | Sukhwinder Singh | Shreya Ghoshal
175,OneRepublic ft. Logic â€“ Start Again (Audio)
176,Nicki Minaj - Chun-Li
177,Nicki Minaj - Chun-Li
178,ç±³æ´¥ç„å¸«  MVã€ŒLemonã€
179,BTS (ë°©íƒ„ì†Œë…„ë‹¨) 'FAKE LOVE' Official MV (Extended ver.)
180,BTS (ë°©íƒ„ì†Œë…„ë‹¨) 'FAKE LOVE' Official MV (Extended ver.)
181,Ed Sheeran - Happier (Official Video)
182,Ed Sheeran - Happier (Official Video)
183,BTS (ë°©íƒ„ì†Œë…„ë‹¨) 'FAKE LOVE' Official Teaser 2
184,BTS (ë°©íƒ„ì†Œë…„ë‹¨) 'FAKE LOVE' Official Teaser 2
185,GOT7 Look M/V
186,"Becky G, Natti Natasha - Sin Pijama (Official Video)"
187,BTS (ë°©íƒ„ì†Œë…„ë‹¨) 'Euphoria : Theme of LOVE YOURSELF èµ· Wonder'
188,BTS (ë°©íƒ„ì†Œë…„ë‹¨) 'Euphoria : Theme of LOVE YOURSELF èµ· Wonder'
189,Migos - Walk It Talk It ft. Drake
190,Maroon 5 - Girls Like You ft. Cardi B
191,Maroon 5 - Girls Like You ft. Cardi B
192,Drake - Godâ€™s Plan
193,BTS (ë°©íƒ„ì†Œë…„ë‹¨) LOVE YOURSELF è½‰ Tear 'Singularity' Comeback Trailer
194,BTS (ë°©íƒ„ì†Œë…„ë‹¨) LOVE YOURSELF è½‰ Tear 'Singularity' Comeback Trailer
195,j-hope 'Daydream (ë°±ì¼ëª½)' MV
196,CHáº Y NGAY ÄI | RUN NOW | SÆ N TÃ™NG M-TP | Official Music Video
197,GOT7 Look M/V
198,Childish Gambino - This Is America (Official Video)
199,Childish Gambino - This Is America (Official Video)
200,Taylor Swift - Delicate
201,Taylor Swift - Delicate
202,Ariana Grande - No Tears Left To Cry
203,Ariana Grande - No Tears Left To Cry
204,BTS (ë°©íƒ„ì†Œë…„ë‹¨) LOVE YOURSELF è½‰ Tear 'Singularity' Comeback Trailer
205,Taylor Swift - Delicate
206,Taylor Swift - Delicate
207,CHáº Y NGAY ÄI | RUN NOW | SÆ N TÃ™NG M-TP | Official Music Video
208,CHáº Y NGAY ÄI | RUN NOW | SÆ N TÃ™NG M-TP | Official Music Video
209,BTS (ë°©íƒ„ì†Œë…„ë‹¨) 'FAKE LOVE' Official MV
210,BTS (ë°©íƒ„ì†Œë…„ë‹¨) 'FAKE LOVE' Official MV
211,BTS (ë°©íƒ„ì†Œë…„ë‹¨) 'FAKE LOVE' Official MV
212,BTS (ë°©íƒ„ì†Œë…„ë‹¨) 'FAKE LOVE' Official MV
213,TOKIOã€€å±±å£ãƒ¡ãƒ³ãƒãƒ¼ã®ä»¶ã§åŸå³¶æ€’ã‚Šã®ã‚³ãƒ¡ãƒ³ãƒˆ
214,TOKIOã€€å±±å£ãƒ¡ãƒ³ãƒãƒ¼ã®ä»¶ã§åŸå³¶æ€’ã‚Šã®ã‚³ãƒ¡ãƒ³ãƒˆ
215,TOKIOã€€å±±å£ãƒ¡ãƒ³ãƒãƒ¼ã®ä»¶ã§åŸå³¶æ€’ã‚Šã®ã‚³ãƒ¡ãƒ³ãƒˆ
216,TOKIOã€€å±±å£ãƒ¡ãƒ³ãƒãƒ¼ã®ä»¶ã§åŸå³¶æ€’ã‚Šã®ã‚³ãƒ¡ãƒ³ãƒˆ
217,éŸ“å›½ãƒ‘ã‚·ãƒ¥ãƒ¼ãƒˆ ã¾ã•ã‹ã®ç½®ãå»ã‚Š
218,éŸ“å›½ãƒ‘ã‚·ãƒ¥ãƒ¼ãƒˆ ã¾ã•ã‹ã®ç½®ãå»ã‚Š
219,ã‚¢ãƒ¡ãƒ•ãƒˆ æ‚ªè³ªãƒ©ãƒ•ãƒ—ãƒ¬ãƒ¼ã«ç›£ç£æ¿€æ€’ğŸ’¢ğŸ˜ ğŸ’¢
220,ã‚¢ãƒ¡ãƒ•ãƒˆ æ‚ªè³ªãƒ©ãƒ•ãƒ—ãƒ¬ãƒ¼ã«ç›£ç£æ¿€æ€’ğŸ’¢ğŸ˜ ğŸ’¢
221,2018 Australian Grand Prix: Qualifying Highlights
222,ã€ãƒã‚¤ãƒ©ã‚¤ãƒˆã€‘ãƒ¬ã‚¢ãƒ«ãƒãƒ‰ãƒªãƒ¼ãƒ‰Ã—ãƒªãƒãƒ—ãƒ¼ãƒ«ã€ŒUEFAãƒãƒ£ãƒ³ãƒ”ã‚ªãƒ³ã‚ºãƒªãƒ¼ã‚°17/18  æ±ºå‹ã€
223,ã€ãƒã‚¤ãƒ©ã‚¤ãƒˆã€‘ãƒ¬ã‚¢ãƒ«ãƒãƒ‰ãƒªãƒ¼ãƒ‰Ã—ãƒªãƒãƒ—ãƒ¼ãƒ«ã€ŒUEFAãƒãƒ£ãƒ³ãƒ”ã‚ªãƒ³ã‚ºãƒªãƒ¼ã‚°17/18  æ±ºå‹ã€
224,"Golden State Warriors vs Cleveland Cavaliers Full Game Highlights | Game 3 | 2018 Finals, June 6"
225,"Golden State Warriors vs Cleveland Cavaliers Full Game Highlights | Game 3 | 2018 Finals, June 6"
226,R3ĞL ĞœĞDR1D VS L1V3RĞ 00L  3--1 ĞLL GĞĞLS & Ğ„Ğ¥Ğ¢Ğ„NDĞ•D Ğ1GĞL1GĞ¢S  2O18
227,R3ĞL ĞœĞDR1D VS L1V3RĞ 00L  3--1 ĞLL GĞĞLS & Ğ„Ğ¥Ğ¢Ğ„NDĞ•D Ğ1GĞL1GĞ¢S  2O18
228,Golden State Warriors vs Brooklyn Nets Full Game Highlights / March 6 / 2017-18 NBA Season
229,Peru vs Arabia Saudita 3-0 RESUMEN GOLES Amistoso Internacional [Friendly Match] 2018
230,LIVE : à¹„à¸—à¸¢ vs à¸ªà¹‚à¸¥à¸§à¸°à¹€à¸à¸µà¸¢ à¸„à¸¹à¹ˆà¸Šà¸´à¸‡à¸Šà¸™à¸°à¹€à¸¥à¸´à¸¨ à¸Ÿà¸¸à¸•à¸šà¸­à¸¥à¸„à¸´à¸‡à¸ªà¹Œà¸„à¸±à¸à¸„à¸£à¸±à¹‰à¸‡à¸—à¸µà¹ˆ 46 l (Full)
231,Gabriella Papadakis/ Guillaume Cizeron European Championships 2018 SD B.ESP
232,Manchester United vs Newcastle 4-1 Goals and EXT Highlights with English Commentary 2017-18 HD 720p
233,Cleveland Cavaliers vs Boston Celtics Full Game Highlights / Game 7 / 2018 NBA Playoffs
234,Cleveland Cavaliers vs Boston Celtics Full Game Highlights / Game 7 / 2018 NBA Playoffs
235,"ë…¸ì„ ì˜ ë¹„ì›ƒê³  ì™•ë”° ë…¼ë€ ì¼ìœ¼í‚¨ ê¹€ë³´ë¦„ ì¸ì„± ë…¼ë€, íŒ€ì¶”ì›” í˜„ì¬ ìƒí™© (ë¹™ìƒì—°ë§¹ í­ë¡œ)"
236,Spain 6-1 Argentina All goals & Highlights Commentary Friendly Match (27/03/2018) HD/1080P
237,Spain 6-1 Argentina All goals & Highlights Commentary Friendly Match (27/03/2018) HD/1080P
238,ã‚¨ãƒ³ã‚¼ãƒ«ã‚¹å¤§è°·ç¿”å¹³ã€€å…ˆåˆ¶ã®ç¬¬4å·ãƒ›ãƒ¼ãƒ ãƒ©ãƒ³ï¼ã€€ãƒ¤ãƒ³ã‚­ãƒ¼ã‚¹æˆ¦ã€€4æœˆ28æ—¥
239,ã‚¨ãƒ³ã‚¼ãƒ«ã‚¹å¤§è°·ç¿”å¹³ã€€å…ˆåˆ¶ã®ç¬¬4å·ãƒ›ãƒ¼ãƒ ãƒ©ãƒ³ï¼ã€€ãƒ¤ãƒ³ã‚­ãƒ¼ã‚¹æˆ¦ã€€4æœˆ28æ—¥
240,BAR 1-0 SOC - All Goals & Extended Highlights - 20/05/2018 HD
241,BAR 1-0 SOC - All Goals & Extended Highlights - 20/05/2018 HD
242,å¤§è°·ç¿”å¹³ãŒã‚¤ãƒãƒ­ãƒ¼(Ichiro)ã«æŒ¨æ‹¶ã«è¨ªã‚Œã€ã‚¤ãƒãƒ­ãƒ¼ã¯é€ƒã’å‡ºã™(ç¬‘)
243,å¤§è°·ç¿”å¹³ãŒã‚¤ãƒãƒ­ãƒ¼(Ichiro)ã«æŒ¨æ‹¶ã«è¨ªã‚Œã€ã‚¤ãƒãƒ­ãƒ¼ã¯é€ƒã’å‡ºã™(ç¬‘)
244,Chelsea vs Barcelona 1-1 All Goals & Highlights 20/02/2018 HD
245,Chelsea vs Barcelona 1-1 All Goals & Highlights 20/02/2018 HD
246,"GS Warriors vs Houston Rockets - Full Game Highlights | Game 7 | May 28, 2018 | NBA Playoffs"
247,"Milwaukee Bucks vs Miami Heat - Full Game Highlights | February 8, 2018 | 2017-18 NBA Season"
248,2018 Australian Grand Prix: Race Highlights
249,Cleveland Cavaliers vs Toronto Raptors Full Game Highlights / Game 2 / 2018 NBA Playoffs
250,Juventus vs Tottenham 2-2 - All Goals & Extended Highlights - Champions League 13/02/2018 HD
251,5æœˆ11æ—¥ å¤§è°·ç¿”å¹³ ç¬¬5å·ã‚½ãƒ­ãƒ›ãƒ¼ãƒ ãƒ©ãƒ³ï¼ ã‚¨ãƒ³ã‚¼ãƒ«ã‚¹Ã—ãƒ„ã‚¤ãƒ³ã‚º
252,å¤§è°·ç¿”å¹³ãŒã‚¤ãƒãƒ­ãƒ¼(Ichiro)ã«æŒ¨æ‹¶ã«è¨ªã‚Œã€ã‚¤ãƒãƒ­ãƒ¼ã¯é€ƒã’å‡ºã™(ç¬‘)
253,Cleveland Cavaliers vs Denver Nuggets Full Game Highlights / March 7 / 2017-18 NBA Season
254,Trá»±c Tiáº¿p VietNam vs Jordan VÃ²ng Loáº¡i Asian cup 2019 27/3
255,Trá»±c Tiáº¿p VietNam vs Jordan VÃ²ng Loáº¡i Asian cup 2019 27/3
256,Golden State Warriors vs San Antonio Spurs Full Game Highlights / Game 5 / 2018 NBA Playoffs
257,Real Madrid vs Girona 6-3 - All Goals & Extended Highlights - La Liga 18/03/2018 HD
258,Oklahoma City Thunder vs Utah Jazz Full Game Highlights / Game 3 / 2018 NBA Playoffs
259,ã€å±±å£é”ä¹Ÿãƒ¡ãƒ³ãƒãƒ¼  ã€ŒTOKIOè¾ã‚ã¾ã™ã€‚ã€å±±å£é”ä¹Ÿã€åœŸä¸‹åº§ã§è¾è¡¨æå‡ºï¼ã€‘TOKIOç·Šæ€¥ä¼šè¦‹
260,ã€å±±å£é”ä¹Ÿãƒ¡ãƒ³ãƒãƒ¼  ã€ŒTOKIOè¾ã‚ã¾ã™ã€‚ã€å±±å£é”ä¹Ÿã€åœŸä¸‹åº§ã§è¾è¡¨æå‡ºï¼ã€‘TOKIOç·Šæ€¥ä¼šè¦‹
261,Cleveland Cavaliers vs Boston Celtics Full Game Highlights / Feb 11 / 2017-18 NBA Season
262,Barcelona vs Girona 6-1 - All Goals & Extended Highlights - La Liga 24/02/2018 HD
263,Barcelona vs Girona 6-1 - All Goals & Extended Highlights - La Liga 24/02/2018 HD
264,Golden State Warriors vs San Antonio Spurs Full Game Highlights / Game 2 / 2018 NBA Playoffs
265,Cleveland Cavaliers vs Minnesota Timberwolves Full Game Highlights / Feb 7 / 2017-18 NBA Season
266,Cleveland Cavaliers vs Boston Celtics Full Game Highlights / Game 6 / 2018 NBA Playoffs
267,Cleveland Cavaliers vs Boston Celtics Full Game Highlights / Game 6 / 2018 NBA Playoffs
268,Kevin Hart Leads 2018 NBA All-Star Game Introductions | Team LeBron & Team Stephen
269,POR 3-0 ALG - All Goals & Extended Highlights - 07/06/2018 HD
270,POR 3-0 ALG - All Goals & Extended Highlights - 07/06/2018 HD
271,ã€å±±å£é”ä¹Ÿãƒ¡ãƒ³ãƒãƒ¼  ã€ŒTOKIOè¾ã‚ã¾ã™ã€‚ã€å±±å£é”ä¹Ÿã€åœŸä¸‹åº§ã§è¾è¡¨æå‡ºï¼ã€‘TOKIOç·Šæ€¥ä¼šè¦‹
272,Liverpool vs Manchester City 3-0 Resumen Highlights UCL 2018
273,Barcelona vs Espanyol 0-0 (4-2) - Highlights & Penalty Shootout - Catalan Cup 07/03/2018 HD
274,Roma vs Liverpool 4-2 - Highlights & All Goals â— 02 May 2018 HD â— Champions League
275,Roma vs Liverpool 4-2 - Highlights & All Goals â— 02 May 2018 HD â— Champions League
276,ã‚¤ãƒãƒ­ãƒ¼ 44æ­³ãŒæœ¬å¡æ‰“ã‚’ã‚¹ãƒ¼ãƒ‘ãƒ¼ã‚­ãƒ£ãƒƒãƒï¼†ãƒãƒªãƒŠãƒ¼ã‚ºå²ä¸Šæœ€é«˜é½¢å®‰æ‰“é”æˆ! Ichiro Suzuki
277,ã‚¤ãƒãƒ­ãƒ¼ 44æ­³ãŒæœ¬å¡æ‰“ã‚’ã‚¹ãƒ¼ãƒ‘ãƒ¼ã‚­ãƒ£ãƒƒãƒï¼†ãƒãƒªãƒŠãƒ¼ã‚ºå²ä¸Šæœ€é«˜é½¢å®‰æ‰“é”æˆ! Ichiro Suzuki
278,ã€NHKã€‘ã€ãƒãƒ¼ã‚«ãƒƒãƒˆå®Ÿæ³ãªã—ã€‘ç¾½ç”Ÿçµå¼¦ã€€ã‚·ãƒ§ãƒ¼ãƒˆãƒ—ãƒ­ã‚°ãƒ©ãƒ ï¼œãƒ”ãƒ§ãƒ³ãƒãƒ£ãƒ³ï¼
279,ã€NHKã€‘ã€ãƒãƒ¼ã‚«ãƒƒãƒˆå®Ÿæ³ãªã—ã€‘ç¾½ç”Ÿçµå¼¦ã€€ã‚·ãƒ§ãƒ¼ãƒˆãƒ—ãƒ­ã‚°ãƒ©ãƒ ï¼œãƒ”ãƒ§ãƒ³ãƒãƒ£ãƒ³ï¼
280,éŸ“å›½ãƒ‘ã‚·ãƒ¥ãƒ¼ãƒˆ ã¾ã•ã‹ã®ç½®ãå»ã‚Š
281,éŸ“å›½ãƒ‘ã‚·ãƒ¥ãƒ¼ãƒˆ ã¾ã•ã‹ã®ç½®ãå»ã‚Š
282,Barcelona vs Atletico Madrid 1-0 - Extended Match Highlights - La Liga 04/03/2018 HD
283,ã€NHKã€‘ã€ãƒãƒ¼ã‚«ãƒƒãƒˆå®Ÿæ³ãªã—ã€‘é£›ã‚“ã ï¼ã»ãˆãŸï¼æ³£ã„ãŸï¼ç¾½ç”Ÿçµå¼¦ã€é‡‘ãƒ¡ãƒ€ãƒ«ï¼ï¼œãƒ”ãƒ§ãƒ³ãƒãƒ£ãƒ³ï¼
284,ã€NHKã€‘ã€ãƒãƒ¼ã‚«ãƒƒãƒˆå®Ÿæ³ãªã—ã€‘é£›ã‚“ã ï¼ã»ãˆãŸï¼æ³£ã„ãŸï¼ç¾½ç”Ÿçµå¼¦ã€é‡‘ãƒ¡ãƒ€ãƒ«ï¼ï¼œãƒ”ãƒ§ãƒ³ãƒãƒ£ãƒ³ï¼
285,Houston Rockets vs Minnesota Timberwolves Full Game Highlights / Game 1 / 2018 NBA Playoffs
286,Golden State Warriors vs Oklahoma City Thunder Full Game Highlights / April 3 / 2017-18 NBA Season
287,TOT vs JUV 1-2 All Goals & Highlights Extended 2018 HD
288,Sporda SaygÄ± ve Fair Play'in En GÃ¼zel AnlarÄ± â€¢ Part 2
289,Cleveland Cavaliers vs Boston Celtics Full Game Highlights / Game 1 / 2018 NBA Playoffs
290,Cleveland Cavaliers vs Boston Celtics Full Game Highlights / Game 1 / 2018 NBA Playoffs
291,Cleveland Cavaliers vs Indiana Pacers Full Game Highlights / Game 7 / 2018 NBA Playoffs
292,ã‚¤ãƒãƒ­ãƒ¼ 44æ­³ãŒæœ¬å¡æ‰“ã‚’ã‚¹ãƒ¼ãƒ‘ãƒ¼ã‚­ãƒ£ãƒƒãƒï¼†ãƒãƒªãƒŠãƒ¼ã‚ºå²ä¸Šæœ€é«˜é½¢å®‰æ‰“é”æˆ! Ichiro Suzuki
293,Golden State Warriors vs Oklahoma City Thunder Full Game Highlights / Feb 6 / 2017-18 NBA Season
294,Golden State Warriors vs Oklahoma City Thunder Full Game Highlights / Feb 6 / 2017-18 NBA Season
295,Golden State Warriors vs Oklahoma City Thunder Full Game Highlights / Feb 6 / 2017-18 NBA Season
296,Golden State Warriors vs Oklahoma City Thunder Full Game Highlights / Feb 6 / 2017-18 NBA Season
297,Cleveland Cavaliers vs Toronto Raptors Full Game Highlights / March 21 / 2017-18 NBA Season
298,Cleveland Cavaliers vs Indiana Pacers Full Game Highlights / Game 2 / 2018 NBA Playoffs
299,å¤§è°·ç¿”å¹³ åˆæœ¬å¡æ‰“! ã§ã‚‚ãƒ™ãƒ³ãƒã§ç„¡è¦–ã•ã‚Œé ­ã‹ã‚‰ãƒ‰ãƒªãƒ³ã‚¯ã‹ã‘ã‚‰ã‚Œã‚‹ - Shohei Ohtani
300,Francia vs Colombia 2-3 Resumen Highlights Goles Amistoso 2018
301,Francia vs Colombia 2-3 Resumen Highlights Goles Amistoso 2018
302,ElClÃ¡sico - Resumen de FC Barcelona vs Real Madrid (2-2)
303,Barcelona vs Girona 6-1 - All Goals & Extended Highlights - La Liga 24/02/2018 HD
304,Cleveland Cavaliers vs Indiana Pacers Full Game Highlights / Game 5 / 2018 NBA Playoffs
305,Cleveland Cavaliers vs Toronto Raptors Full Game Highlights / Game 1 / 2018 NBA Playoffs
306,Golden State Warriors vs Houston Rockets Full Game Highlights / Game 1 / 2018 NBA Playoffs
307,Golden State Warriors vs Houston Rockets Full Game Highlights / Game 1 / 2018 NBA Playoffs
308,Tottenham vs Chelsea 3-1  All Goals & Highlights 01/04/2018
309,Cleveland Cavaliers vs Boston Celtics Full Game Highlights / Game 2 / 2018 NBA Playoffs
310,Cleveland Cavaliers vs Boston Celtics Full Game Highlights / Game 2 / 2018 NBA Playoffs
311,Golden State Warriors vs Houston Rockets Full Game Highlights / Game 3 / 2018 NBA Playoffs
312,Golden State Warriors vs Houston Rockets Full Game Highlights / Game 3 / 2018 NBA Playoffs
313,Germany vs Brazil 0-1 All Goals & Highlights Extended 2018 HD
314,Germany vs Brazil 0-1 All Goals & Highlights Extended 2018 HD
315,Valencia vs Barcelona 0-2 - All Goals & Extended Highlights - La Copa 08/02/2018 HD
316,Afghanistan vs Bangladesh Highlights || 3rd T20 || 2018
317,Afghanistan vs Bangladesh Highlights || 3rd T20 || 2018
318,Cleveland Cavaliers vs Boston Celtics Full Game Highlights / Feb 11 / 2017-18 NBA Season
319,å¤§è°·ç¿”å¹³ åˆæœ¬å¡æ‰“! ã§ã‚‚ãƒ™ãƒ³ãƒã§ç„¡è¦–ã•ã‚Œé ­ã‹ã‚‰ãƒ‰ãƒªãƒ³ã‚¯ã‹ã‘ã‚‰ã‚Œã‚‹ - Shohei Ohtani
320,å¤§è°·ç¿”å¹³ åˆæœ¬å¡æ‰“! ã§ã‚‚ãƒ™ãƒ³ãƒã§ç„¡è¦–ã•ã‚Œé ­ã‹ã‚‰ãƒ‰ãƒªãƒ³ã‚¯ã‹ã‘ã‚‰ã‚Œã‚‹ - Shohei Ohtani
321,Sevilla Vs Barcelona 2-2 - All Goals & Highlights - Resumen y Goles 31/03/2018 HD
322,Cleveland Cavaliers vs Boston Celtics Full Game Highlights / Game 3 / 2018 NBA Playoffs
323,Cleveland Cavaliers vs Boston Celtics Full Game Highlights / Game 3 / 2018 NBA Playoffs
324,Cleveland Cavaliers vs Boston Celtics Full Game Highlights / Game 4 / 2018 NBA Playoffs
325,Cleveland Cavaliers vs Boston Celtics Full Game Highlights / Game 4 / 2018 NBA Playoffs
326,Cleveland Cavaliers vs Boston Celtics Full Game Highlights / Game 7 / 2018 NBA Playoffs
327,Cleveland Cavaliers vs Golden State Warriors Full Game Highlights / Game 1 / 2018 NBA Finals
328,Giant Darts Battle | Dude Perfect
329,Giant Darts Battle | Dude Perfect
330,2018 NBA Slam Dunk Contest - Full Highlights | 2018 NBA All-Star Saturday Night
331,JR Smith Ruined LeBron' Legacyï¼Cavs vs Warriors INSANE Final Minutesï¼
332,JR Smith Ruined LeBron' Legacyï¼Cavs vs Warriors INSANE Final Minutesï¼
333,Old School Trick Shots | Dude Perfect
334,BRA 2-0 CRO - All Goals & Extended Highlights - 03/06/2018 HD
335,Zlatan is Back! God! Ibrahimovic! LA Galaxy 4-3 Los Angeles FC All goals Highlight(31/03/2018) 1080P
336,Zlatan is Back! God! Ibrahimovic! LA Galaxy 4-3 Los Angeles FC All goals Highlight(31/03/2018) 1080P
337,Football vs Soccer Trick Shots | Dude Perfect
338,"2018 NBA Celebrity All-Star Game - Full Game Highlights | Feb 16, 2018 | 2018 NBA All-Star Weekend"
339,Cleveland Cavaliers vs Boston Celtics Full Game Highlights / Game 1 / 2018 NBA Playoffs
340,World's Longest LEGO Walk | Dude Perfect
341,Fortnite with Ninja | Dude Perfect
342,"Team LeBron vs Team Stephen - Full Game Highlights | February 18, 2018 | 2018 NBA All-Star Game"
343,"Team LeBron vs Team Stephen - Full Game Highlights | February 18, 2018 | 2018 NBA All-Star Game"
344,Ğ’ĞRĞ¡3L0NĞ VS R3ĞL ĞœĞDR1D 2--2 - HIGHLIGHTS & GOALS RESUMEN & GOLES 2018 HD
345,Ğ’ĞRĞ¡3L0NĞ VS R3ĞL ĞœĞDR1D 2--2 - HIGHLIGHTS & GOALS RESUMEN & GOLES 2018 HD
346,BOWLING BALL Vs. TRAMPOLINE from 45m!
347,Football vs Soccer Trick Shots | Dude Perfect
348,FlipTop - Sinio/Tipsy D vs Shernan/M Zhayt @ DosPorDos Finals 2017
349,ãƒ¢ãƒ³ã‚¹ãƒˆãƒ‹ãƒ¥ãƒ¼ã‚¹[4/1]ã±ã£ã¡ã‚‡ã¨ã±ãªãˆãŒãƒ‘ãƒ¯ãƒ¼ã‚¢ãƒƒãƒ—ã—ã¦ãƒ‹ãƒ¥ãƒ¼ã‚¹ã‚’ãŠå±Šã‘!ç£ç¥åŒ–æƒ…å ±ã‚‚ã‚ã‚‹ã‚ˆ!!ã€ãƒ¢ãƒ³ã‚¹ãƒˆå…¬å¼ã€‘
350,ã€ã—ã‚ƒã¹ãã‚Š007ã€‘å¯æ„›ã„ã²ã‚‡ã£ã“ã‚Šã¯ã‚“ã¨æ³°é€ ã®é¢ç™½ã„ã²ã‚‡ã£ã“ã‚Šã¯ã‚“w
351,Nintendo Switch å¤§ä¹±é—˜ã‚¹ãƒãƒƒã‚·ãƒ¥ãƒ–ãƒ©ã‚¶ãƒ¼ã‚º åˆç™»å ´æ˜ åƒ
352,ãƒ¯ã‚¤ãƒ‰ãªã‚·ãƒ§ãƒ¼ã€TOKIOå±±å£é”ä¹Ÿãƒ¡ãƒ³ãƒãƒ¼è¬ç½ªä¼šè¦‹ã€‘ å‰åœ’ã•ã‚“ã¯ã‚³ãƒ¡ãƒ³ãƒˆå‘¼ã°ã‚Œãš  æ¾æœ¬äººå¿—ã¯ï¼Ÿ
353,ãƒ¯ã‚¤ãƒ‰ãªã‚·ãƒ§ãƒ¼ã€TOKIOå±±å£é”ä¹Ÿãƒ¡ãƒ³ãƒãƒ¼è¬ç½ªä¼šè¦‹ã€‘ å‰åœ’ã•ã‚“ã¯ã‚³ãƒ¡ãƒ³ãƒˆå‘¼ã°ã‚Œãš  æ¾æœ¬äººå¿—ã¯ï¼Ÿ
354,Game Theory: FNAF STUMPED Me! (FNAF 6 Ultimate Custom Night)
355,ãƒ¯ã‚¤ãƒ‰ãªã‚·ãƒ§ãƒ¼ã€TOKIOå±±å£é”ä¹Ÿãƒ¡ãƒ³ãƒãƒ¼è¬ç½ªä¼šè¦‹ã€‘ å‰åœ’ã•ã‚“ã¯ã‚³ãƒ¡ãƒ³ãƒˆå‘¼ã°ã‚Œãš  æ¾æœ¬äººå¿—ã¯ï¼Ÿ
356,"Game Theory: FNAF, The Theory That Changed EVERYTHING!! (FNAF 6 Ultimate Custom Night)"
357,"Game Theory: FNAF, The Theory That Changed EVERYTHING!! (FNAF 6 Ultimate Custom Night)"
358,"YouTube Live at E3 2018: Monday with Ninja, Marshmello, PlayStation, Ubisoft, Todd Howard"
359,"YouTube Live at E3 2018: Monday with Ninja, Marshmello, PlayStation, Ubisoft, Todd Howard"
360,Clash Royale: Meet the Rascals! (New Card!)
361,Clash Royale: Meet the Rascals! (New Card!)
362,ãƒ€ãƒ©ã‚±ï¼ã‚·ãƒ¼ã‚ºãƒ³14 #01 2018å¹´3æœˆ22æ—¥
363,ãƒ€ãƒ©ã‚±ï¼ã‚·ãƒ¼ã‚ºãƒ³14 #01 2018å¹´3æœˆ22æ—¥
364,AC Milan vs Arsenal 0-2 - All Goals & Highlights - 08/03/2018 HD
365,ãƒ¢ãƒ‹ã‚¿ãƒªãƒ³ã‚° ã‚‚ã—M1ç‹è€…éŠ€ã‚·ãƒ£ãƒªæ©‹æœ¬ãŒå°æ¾èœå¥ˆã¨é›»æ’ƒçµå©šã—ã¦èŠ¸äººã‚’è¾ã‚ã‚‹ã¨è¨€ã„å‡ºã—ãŸã‚‰ç›¸æ–¹é°»ã¯ãƒ»ãƒ»ãƒ» 20180301
366,ãƒ¢ãƒ‹ã‚¿ãƒªãƒ³ã‚° ã‚‚ã—M1ç‹è€…éŠ€ã‚·ãƒ£ãƒªæ©‹æœ¬ãŒå°æ¾èœå¥ˆã¨é›»æ’ƒçµå©šã—ã¦èŠ¸äººã‚’è¾ã‚ã‚‹ã¨è¨€ã„å‡ºã—ãŸã‚‰ç›¸æ–¹é°»ã¯ãƒ»ãƒ»ãƒ» 20180301
367,Primitive Technology: Round hut
368,Primitive Technology: Round hut
369,æ°´æ›œæ—¥ã®ã‚¿ã‚™ã‚¦ãƒ³ã‚¿ã‚¦ãƒ³ ã€ã‚¯ãƒ­ã¡ã‚ƒã‚“ã€‘ä¸æ‘‚ç”Ÿãªç”Ÿæ´»ãŒåŸå› ã§2å‹ç³–å°¿ç—…ã¨è¨ºæ–­ã•ã‚Œã‚‹
370,ãŸã‘ã— æ¶™ å¤§æ‰æ¼£ æ€¥é€ æ–°æƒ…å ±7days
371,Mirai Nagasu is the first U S  woman to land a triple Axel at the Olympics
372,Mirai Nagasu is the first U S  woman to land a triple Axel at the Olympics
373,ãƒãƒ›ãƒˆãŒUUUMé›»æ’ƒåŠ å…¥!?!?
374,ãƒãƒ›ãƒˆãŒUUUMé›»æ’ƒåŠ å…¥!?!?
375,The Best Of Avicii Songs   | RIP Thank you for your music ğŸ–¤
376,The Best Of Avicii Songs   | RIP Thank you for your music ğŸ–¤
377,"Starbucks, You Kicked The Wrong People Out"
378,"TrÆ°á»ng Giang: 'Nam Em Ä‘á»¥ng tá»›i NhÃ£ PhÆ°Æ¡ng, tÃ´i khÃ´ng Ä‘á»ƒ cÃ´ áº¥y yÃªn á»•n' I Nguá»“n Zing.vn"
379,TOKIOã€€ä¼šè¦‹ã§æ¾å²¡ãŒå±±å£é”ä¹Ÿã«è¨€ã„æ”¾ã£ãŸå³ã—ã„ä¸€è¨€
380,TOKIOã€€ä¼šè¦‹ã§æ¾å²¡ãŒå±±å£é”ä¹Ÿã«è¨€ã„æ”¾ã£ãŸå³ã—ã„ä¸€è¨€
381,"ski lift accident, gudauri"
382,"ski lift accident, gudauri"
383,å¤§ç›¸æ’²èˆé¶´å ´æ‰€ã€èˆé¶´å¸‚é•·å€’ã‚Œã€æ•‘å‘½å¥³æ€§ã«ã€Œå¥³æ€§ã¯åœŸä¿µã‹ã‚‰é™ã‚Šã¦ä¸‹ã•ã„ã€ã¨ã‚¢ãƒŠã‚¦ãƒ³ã‚¹
384,å¤§ç›¸æ’²èˆé¶´å ´æ‰€ã€èˆé¶´å¸‚é•·å€’ã‚Œã€æ•‘å‘½å¥³æ€§ã«ã€Œå¥³æ€§ã¯åœŸä¿µã‹ã‚‰é™ã‚Šã¦ä¸‹ã•ã„ã€ã¨ã‚¢ãƒŠã‚¦ãƒ³ã‚¹
385,ã€è­¦å‘Šã€‘æ˜æ—¥å—æµ·ãƒˆãƒ©ãƒ•ã§æ­»ã«ã¾ã™ã€€ã€éƒ½å¸‚ä¼èª¬ã€‘4æœˆ18æ—¥
386,å›½åˆ†å¤ªä¸€  ã‚´ãƒãƒ¡ãƒ³ãƒãƒ¼ã®å¤§æ‰æ¼£ã•ã‚“ã«ã¤ã„ã¦ãƒ»ãƒ»ãƒ»ã“ã®å ±é“ã‚’æœ›ã‚“ã§ãªã„ã¨æ€ã„ã¾ã™ã€‚
387,å›½åˆ†å¤ªä¸€  ã‚´ãƒãƒ¡ãƒ³ãƒãƒ¼ã®å¤§æ‰æ¼£ã•ã‚“ã«ã¤ã„ã¦ãƒ»ãƒ»ãƒ»ã“ã®å ±é“ã‚’æœ›ã‚“ã§ãªã„ã¨æ€ã„ã¾ã™ã€‚
388,ãƒ•ã‚£ãƒƒã‚·ãƒ£ãƒ¼ã‚º Mã‚¹ãƒ†
389,ãƒ•ã‚£ãƒƒã‚·ãƒ£ãƒ¼ã‚º Mã‚¹ãƒ†
390,ç¾½ç”Ÿçµå¼¦ã€å¹³æ˜Œäº”è¼ªã®æ¼”æŠ€å¾Œâ€ã¨ã‚“ã§ã‚‚ãªã„äº‹æ…‹â€ãŒä¼šå ´ã§èµ·ã“ã‚‹wã€ãƒ•ã‚£ã‚®ãƒ¥ã‚¢é€£è¦‡ãŒè¦‹ã›ãŸå¥‡è·¡ã€‘
391,ç¾½ç”Ÿçµå¼¦ã€å¹³æ˜Œäº”è¼ªã®æ¼”æŠ€å¾Œâ€ã¨ã‚“ã§ã‚‚ãªã„äº‹æ…‹â€ãŒä¼šå ´ã§èµ·ã“ã‚‹wã€ãƒ•ã‚£ã‚®ãƒ¥ã‚¢é€£è¦‡ãŒè¦‹ã›ãŸå¥‡è·¡ã€‘
392,Alexa randomly laughing compilation
393,Alexa randomly laughing compilation
394,BLACKPINK - 'SQUARE UP' ROSÃ‰ MOVING POSTER
395,BLACKPINK - 'SQUARE UP' ROSÃ‰ MOVING POSTER
396,ãƒãƒ›ãƒˆãŒUUUMé›»æ’ƒåŠ å…¥!?!?
397,180426 ê±¸í¬ëŸ¬ì‰¬(Girl Crush) cover-ë–¨ë ¤ìš”(ë³´ë¯¸) ìƒëª…ì¡´ì¤‘ í–‰ë³µë‚˜ëˆ” 2018ë‰´íƒ€TV KPOP by JS ì§ìº (fancam)
398,'Avengers: Infinity War' Cast Tours Los Angeles w/ James Corden
399,ã€å ±å‘Šã€‘è„³ã®ç™ºé”éšœå®³ã¨è¨ºæ–­ã•ã‚Œã¾ã—ãŸ
400,Primitive Technology: Lime
401,Primitive Technology: Lime
402,ãƒ¢ãƒ‹ã‚¿ãƒªãƒ³ã‚° ã‚‚ã—M1ç‹è€…éŠ€ã‚·ãƒ£ãƒªæ©‹æœ¬ãŒå°æ¾èœå¥ˆã¨é›»æ’ƒçµå©šã—ã¦èŠ¸äººã‚’è¾ã‚ã‚‹ã¨è¨€ã„å‡ºã—ãŸã‚‰ç›¸æ–¹é°»ã¯ãƒ»ãƒ»ãƒ» 20180301
403,Comey Compared Donald Trump To A Mafia Boss
404,ãƒ€ãƒ©ã‚±ï¼ã‚·ãƒ¼ã‚ºãƒ³14 #01 2018å¹´3æœˆ22æ—¥
405,ãƒ€ãƒ©ã‚±ï¼ã‚·ãƒ¼ã‚ºãƒ³14 #01 2018å¹´3æœˆ22æ—¥
406,å±±å£ãƒ¡ãƒ³ãƒãƒ¼ã®äº‹ä»¶å¾Œã€TOKIOãƒ¡ãƒ³ãƒãƒ¼ï¼”äººã«ã‚ˆã‚‹ä¼šè¦‹
407,å±±å£ãƒ¡ãƒ³ãƒãƒ¼ã®äº‹ä»¶å¾Œã€TOKIOãƒ¡ãƒ³ãƒãƒ¼ï¼”äººã«ã‚ˆã‚‹ä¼šè¦‹
408,ãƒ¯ãƒ³ãƒ”ãƒ¼ã‚¹å®Ÿå†™åŒ– ã‚­ãƒ£ã‚¹ãƒˆï¼ˆå¥³ï¼‰äºˆæƒ³ã€‚ãƒŠãƒŸã®å®Ÿå†™åŒ–ã¯æº€å ´ä¸€è‡´ã§ã“ã®äººã«æ±ºå®šâ‰
409,"ski lift accident, gudauri"
410,å¤§è°·ç¿”å¹³ 2è©¦åˆé€£ç¶šãƒ›ãƒ¼ãƒ ãƒ©ãƒ³
411,å¤§è°·ç¿”å¹³ 2è©¦åˆé€£ç¶šãƒ›ãƒ¼ãƒ ãƒ©ãƒ³
412,TOKIOã€€ä¼šè¦‹ã§æ¾å²¡ãŒå±±å£é”ä¹Ÿã«è¨€ã„æ”¾ã£ãŸå³ã—ã„ä¸€è¨€
413,TOKIOã€€ä¼šè¦‹ã§æ¾å²¡ãŒå±±å£é”ä¹Ÿã«è¨€ã„æ”¾ã£ãŸå³ã—ã„ä¸€è¨€
414,å±±å£é”ä¹Ÿã®ä»¶ã«ãƒ’ã‚™ãƒ¼ãƒˆãŸã‘ã—ã‹ã‚™æŒè«–ã‚’å±•é–‹â€¦å‚ä¸Šå¿ã¨ä¸­æ¡ãã‚ˆã—ã¯ç›¸é•ã®æ„è¦‹ã‚’äº¤ã‚ã™ã€TOKIOãƒ»å±±å£ãƒ¡ãƒ³ãƒã‚™ãƒ¼ã€‘
415,å±±å£é”ä¹Ÿã®ä»¶ã«ãƒ’ã‚™ãƒ¼ãƒˆãŸã‘ã—ã‹ã‚™æŒè«–ã‚’å±•é–‹â€¦å‚ä¸Šå¿ã¨ä¸­æ¡ãã‚ˆã—ã¯ç›¸é•ã®æ„è¦‹ã‚’äº¤ã‚ã™ã€TOKIOãƒ»å±±å£ãƒ¡ãƒ³ãƒã‚™ãƒ¼ã€‘
416,å›½åˆ†å¤ªä¸€  ã‚´ãƒãƒ¡ãƒ³ãƒãƒ¼ã®å¤§æ‰æ¼£ã•ã‚“ã«ã¤ã„ã¦ãƒ»ãƒ»ãƒ»ã“ã®å ±é“ã‚’æœ›ã‚“ã§ãªã„ã¨æ€ã„ã¾ã™ã€‚
417,"$17 Pet vs. $100,000 Pet"
418,å¤§è°·ç¿”å¹³ 2è©¦åˆé€£ç¶šãƒ›ãƒ¼ãƒ ãƒ©ãƒ³
419,Roman Reigns vs Triple H - WWE Championship - WWE Wrestlemania 32
420,$10 Cheesesteak Vs. $120 Cheesesteak
421,å±±å£é”ä¹Ÿ(TOKIO)ã€€è¬ç½ªä¼šè¦‹ã§ãƒ¡ãƒ³ãƒãƒ¼1äºº1äººã®åå‰ã‚’æŒ™ã’ãƒ»ãƒ»ãƒ»
422,å±±å£é”ä¹Ÿ(TOKIO)ã€€è¬ç½ªä¼šè¦‹ã§ãƒ¡ãƒ³ãƒãƒ¼1äºº1äººã®åå‰ã‚’æŒ™ã’ãƒ»ãƒ»ãƒ»
423,Trump Is Flipping Out Over Rumors Cohen Is Flipping
424,å±±å£ãƒ¡ãƒ³ãƒãƒ¼ã®äº‹ä»¶å¾Œã€TOKIOãƒ¡ãƒ³ãƒãƒ¼ï¼”äººã«ã‚ˆã‚‹ä¼šè¦‹
425,å±±å£ãƒ¡ãƒ³ãƒãƒ¼ã®äº‹ä»¶å¾Œã€TOKIOãƒ¡ãƒ³ãƒãƒ¼ï¼”äººã«ã‚ˆã‚‹ä¼šè¦‹
426,ĞšÑ€ÑƒÑˆĞµĞ½Ğ¸Ğµ ĞĞ½-148 ÑĞ½ÑĞ»Ğ° Ñ‡Ğ°ÑÑ‚Ğ½Ğ°Ñ ĞšĞ°Ğ¼ĞµÑ€Ğ°
427,ĞšÑ€ÑƒÑˆĞµĞ½Ğ¸Ğµ ĞĞ½-148 ÑĞ½ÑĞ»Ğ° Ñ‡Ğ°ÑÑ‚Ğ½Ğ°Ñ ĞšĞ°Ğ¼ĞµÑ€Ğ°
428,The Best Of Avicii Songs   | RIP Thank you for your music ğŸ–¤
429,å±±å£ãƒ¡ãƒ³ãƒãƒ¼ã®äº‹ä»¶å¾Œã€TOKIOãƒ¡ãƒ³ãƒãƒ¼ï¼”äººã«ã‚ˆã‚‹ä¼šè¦‹
430,ã€å ±å‘Šã€‘è„³ã®ç™ºé”éšœå®³ã¨è¨ºæ–­ã•ã‚Œã¾ã—ãŸ
431,ã€å ±å‘Šã€‘è„³ã®ç™ºé”éšœå®³ã¨è¨ºæ–­ã•ã‚Œã¾ã—ãŸ
432,ãŸã‘ã— æ¶™ å¤§æ‰æ¼£ æ€¥é€ æ–°æƒ…å ±7days
433,Stephen Colbert (The Other One) On Michelle Wolf's WHCD Speech
434,å±±å£é”ä¹Ÿ(TOKIO)ã€€è¬ç½ªä¼šè¦‹ã§ãƒ¡ãƒ³ãƒãƒ¼1äºº1äººã®åå‰ã‚’æŒ™ã’ãƒ»ãƒ»ãƒ»
435,ç¨²æ‘äºœç¾ãŒç†æ€§ã®ãªã„é‡çƒç”·å…ã«è¥²ã‚ã‚Œã‚‹
436,ç¨²æ‘äºœç¾ãŒç†æ€§ã®ãªã„é‡çƒç”·å…ã«è¥²ã‚ã‚Œã‚‹
437,å±±å£é”ä¹Ÿã®ä»¶ã«ãƒ’ã‚™ãƒ¼ãƒˆãŸã‘ã—ã‹ã‚™æŒè«–ã‚’å±•é–‹â€¦å‚ä¸Šå¿ã¨ä¸­æ¡ãã‚ˆã—ã¯ç›¸é•ã®æ„è¦‹ã‚’äº¤ã‚ã™ã€TOKIOãƒ»å±±å£ãƒ¡ãƒ³ãƒã‚™ãƒ¼ã€‘
438,å±±å£é”ä¹Ÿã®ä»¶ã«ãƒ’ã‚™ãƒ¼ãƒˆãŸã‘ã—ã‹ã‚™æŒè«–ã‚’å±•é–‹â€¦å‚ä¸Šå¿ã¨ä¸­æ¡ãã‚ˆã—ã¯ç›¸é•ã®æ„è¦‹ã‚’äº¤ã‚ã™ã€TOKIOãƒ»å±±å£ãƒ¡ãƒ³ãƒã‚™ãƒ¼ã€‘
439,$10 Vegan vs. $135 Vegan
440,"$1 Bagel vs. $1,000 Bagel"
441,LSSC Full Uncut Interview: James Comey
442,$7 Pho Vs. $68 Pho
443,Xem Táº­n Máº¯t MÃ  Váº«n MÃ©o Thá»ƒ Tin Ná»•i Ná»¯a .
444,Xem Táº­n Máº¯t MÃ  Váº«n MÃ©o Thá»ƒ Tin Ná»•i Ná»¯a .
445,$15 Spaghetti Vs. $143 Spaghetti
446,$8 Toast Vs. $20 Toast
447,$5 Pie Vs. $250 Pie
448,ãƒ“ãƒ“ãƒƒãƒˆã§å±±å£é”ä¹Ÿãƒ¡ãƒ³ãƒãƒ¼é¨’å‹•ã§å›½åˆ†å¤ªä¸€ã•ã‚“æ¶™ã®è¬ç½ª
449,ãƒ“ãƒ“ãƒƒãƒˆã§å±±å£é”ä¹Ÿãƒ¡ãƒ³ãƒãƒ¼é¨’å‹•ã§å›½åˆ†å¤ªä¸€ã•ã‚“æ¶™ã®è¬ç½ª
450,$12 Pork Vs. $715 Pork
451,about Logan Paul
452,$2 Bacon Vs. $100 Bacon
453,ãƒ“ãƒ“ãƒƒãƒˆã§å±±å£é”ä¹Ÿãƒ¡ãƒ³ãƒãƒ¼é¨’å‹•ã§å›½åˆ†å¤ªä¸€ã•ã‚“æ¶™ã®è¬ç½ª
454,ãƒ“ãƒ“ãƒƒãƒˆã§å±±å£é”ä¹Ÿãƒ¡ãƒ³ãƒãƒ¼é¨’å‹•ã§å›½åˆ†å¤ªä¸€ã•ã‚“æ¶™ã®è¬ç½ª
455,$3 Fries Vs. $100 Fries
456,$3 Fries Vs. $100 Fries
457,[LIVE] BTS 'FAKE LOVE' - 2018 Billboard Music Awards
458,[LIVE] BTS 'FAKE LOVE' - 2018 Billboard Music Awards
459,ã€å…¬å¼ã€‘ã‚µãƒ³ãƒ‰ã‚¦ã‚£ãƒƒãƒãƒãƒ³ã€€ã‚³ãƒ³ãƒˆã€å†™çœŸé¤¨ã€‘
460,í”í•œ í•œêµ­ ìŒë£Œìˆ˜ë¥¼ ë§ˆì…”ë³´ê³  ê¹œì§ ë†€ë€ ë…¸ë¥´ì›¨ì´ ì˜¬ë¦¼í”½ ìŠ¤í‚¤ì„ ìˆ˜ë“¤!?
461,ã€ä¸€ç•ªå¤–ã—ãŸäººã¯è²·å–ã€‘ç›®åˆ©ãåŠ›ã‚’é¤Šãˆï¼ã‚ªãƒ³ã‚¨ã‚¢é‘‘å®šå›£ï¼ï¼
462,ã€ä¸€ç•ªå¤–ã—ãŸäººã¯è²·å–ã€‘ç›®åˆ©ãåŠ›ã‚’é¤Šãˆï¼ã‚ªãƒ³ã‚¨ã‚¢é‘‘å®šå›£ï¼ï¼
463,ã‚‚ã—ã‚‚ç·¨é›†è€…ãŒè‡ªåˆ†ã®ã“ã¨ã—ã‹è€ƒãˆãªã„å¥´ã ã£ãŸã‚‰ã€è™«çœ¼é¡ç·¨ã€‘
464,ã€ç¬¬ä¸€å›ã€‘ãªã‚“ã®é¸æ‰‹æ¨©ã‚„ã£ã¦ã‚‹ã‹ã‚ã‹ã‚‰ãªã„é¸æ‰‹æ¨©ï¼
465,ã€ç¬¬ä¸€å›ã€‘ãªã‚“ã®é¸æ‰‹æ¨©ã‚„ã£ã¦ã‚‹ã‹ã‚ã‹ã‚‰ãªã„é¸æ‰‹æ¨©ï¼
466,ã€ã¾ã•ã‹ã®æ°´æ³³å¯¾æ±ºã€‘ï¼’æ³Šï¼“æ—¥ï¼å¯ãŸã‚‰å³å¸°å®…ã®æ—…ï¼Partï¼’
467,å›å­ã€è±å­ã‚’ç¬‘ã†ã¯æ€¨å—ŸãŒæ•…ã«
468,ã€ã©ã“ã«ã§ã‚‚ã‚ã‚‹ã€‘ã”å½“åœ°ãŠåœŸç”£ã‚¯ã‚¤ã‚ºãŒé›£ã—ã™ãã¦å¤§ç™ºç‹‚ï¼
469,ã€ã©ã“ã«ã§ã‚‚ã‚ã‚‹ã€‘ã”å½“åœ°ãŠåœŸç”£ã‚¯ã‚¤ã‚ºãŒé›£ã—ã™ãã¦å¤§ç™ºç‹‚ï¼
470,ã€äººå·¥è‚‰ï¼Ÿã€‘SNSã§ãƒã‚¹ã‚™ã™ãã‚‹ã¨å™‚ã•ã‚Œã¦ã„ã‚‹ã€Œã¾ã‚‹ãƒŠã‚±ã‚™ã€ã¯æœ¬å½“ã«ãƒã‚ºã„ã®ã‹ç¢ºã‹ã‚ã¾ã™ã€‚
471,ã€äººå·¥è‚‰ï¼Ÿã€‘SNSã§ãƒã‚¹ã‚™ã™ãã‚‹ã¨å™‚ã•ã‚Œã¦ã„ã‚‹ã€Œã¾ã‚‹ãƒŠã‚±ã‚™ã€ã¯æœ¬å½“ã«ãƒã‚ºã„ã®ã‹ç¢ºã‹ã‚ã¾ã™ã€‚
472,ã€ç”Ÿæ”¾é€ã€‘ã¦ã¤ã‚„ã®ç‰¹è£½æ™©ã”é£¯ä½œã‚Šï¼ã€æœ€å¾Œã«å ±å‘Šã‚ã‚Šã€‘
473,ã€ç”Ÿæ”¾é€ã€‘ã¦ã¤ã‚„ã®ç‰¹è£½æ™©ã”é£¯ä½œã‚Šï¼ã€æœ€å¾Œã«å ±å‘Šã‚ã‚Šã€‘
474,ã€ç–²ã‚Œã‚’æºœã‚ã‚ˆã†ã€‘ï¼’æ³Šï¼“æ—¥ï¼å¯ãŸã‚‰å³å¸°å®…ã®æ—…ï¼Partï¼•
475,ã€ç–²ã‚Œã‚’æºœã‚ã‚ˆã†ã€‘ï¼’æ³Šï¼“æ—¥ï¼å¯ãŸã‚‰å³å¸°å®…ã®æ—…ï¼Partï¼•
476,ã€äººé–“ã®é™ç•Œã€‘æ­»ã¬æ°—ã§å…¨åŠ›ã§æœ¬æ°—ã§ã‚µãƒƒã‚«ãƒ¼ã—ãŸã‚‰...ï¼ï¼Ÿ
477,ã€äººé–“ã®é™ç•Œã€‘æ­»ã¬æ°—ã§å…¨åŠ›ã§æœ¬æ°—ã§ã‚µãƒƒã‚«ãƒ¼ã—ãŸã‚‰...ï¼ï¼Ÿ
478,èª­æ›¸æ„Ÿæƒ³æ–‡ã®æ„Ÿæƒ³æ–‡ã®æ„Ÿæƒ³æ–‡ã¯ã©ã‚“ãªæ„Ÿæƒ³æ–‡ãªã®ã‹ï¼Ÿ
479,èª­æ›¸æ„Ÿæƒ³æ–‡ã®æ„Ÿæƒ³æ–‡ã®æ„Ÿæƒ³æ–‡ã¯ã©ã‚“ãªæ„Ÿæƒ³æ–‡ãªã®ã‹ï¼Ÿ
480,ã€æ¤œè¨¼ã€‘åºŠå±‹ã§ï½¢ãŠã¾ã‹ã›ï½£ã‚’ç¹°ã‚Šè¿”ã—ãŸã‚‰ä½•å›ç›®ã§åŠä¸»ã«ãªã‚‹ã®ï¼Ÿ
481,ã€æ‚²å ±ã€‘ã¦ã¤ã‚„ã®æ„›è»ŠBMWãŒå¤§ç ´ã—ã¦ã—ã¾ã„ã¾ã—ãŸâ€¦
482,ã€æ‚²å ±ã€‘ã¦ã¤ã‚„ã®æ„›è»ŠBMWãŒå¤§ç ´ã—ã¦ã—ã¾ã„ã¾ã—ãŸâ€¦
483,ã€æ‚²å ±ã€‘ã¦ã¤ã‚„ã®æ„›è»ŠBMWãŒå¤§ç ´ã—ã¦ã—ã¾ã„ã¾ã—ãŸâ€¦
484,ã€æ‚²å ±ã€‘ã¦ã¤ã‚„ã®æ„›è»ŠBMWãŒå¤§ç ´ã—ã¦ã—ã¾ã„ã¾ã—ãŸâ€¦
485,Of Course Trump Wants to Throw Himself a Military Parade: The Daily Show
486,ã€ä¸€ç•ªå¤–ã—ãŸäººã¯è²·å–ã€‘ç›®åˆ©ãåŠ›ã‚’é¤Šãˆï¼ã‚ªãƒ³ã‚¨ã‚¢é‘‘å®šå›£ï¼ï¼
487,ã€äººé–“ã®é™ç•Œã€‘æ­»ã¬æ°—ã§å…¨åŠ›ã§æœ¬æ°—ã§ã‚µãƒƒã‚«ãƒ¼ã—ãŸã‚‰...ï¼ï¼Ÿ
488,ã€ã‚«ã‚ªã‚¹å†ã³ã€‘ç¬¬ä¸€å›ï¼ å·¥è—¤æ–°ä¸€é¸æ‰‹æ¨©ï¼ï¼ï¼
489,ã€ã‚«ã‚ªã‚¹å†ã³ã€‘ç¬¬ä¸€å›ï¼ å·¥è—¤æ–°ä¸€é¸æ‰‹æ¨©ï¼ï¼ï¼
490,ã€ã¤ã„ã«æœ€çµ‚å›ã€‘ï¼’æ³Šï¼“æ—¥ï¼å¯ãŸã‚‰å³å¸°å®…ã®æ—…ï¼Partï¼—
491,ã€ã¤ã„ã«æœ€çµ‚å›ã€‘ï¼’æ³Šï¼“æ—¥ï¼å¯ãŸã‚‰å³å¸°å®…ã®æ—…ï¼Partï¼—
492,"Racist Superman | Rudy Mancuso, Alesso & King Bach"
493,YOU LAUGH YOU SLAV
494,YOU LAUGH YOU SLAV
495,ã€ç–²ã‚Œã‚’æºœã‚ã‚ˆã†ã€‘ï¼’æ³Šï¼“æ—¥ï¼å¯ãŸã‚‰å³å¸°å®…ã®æ—…ï¼Partï¼•
496,ã€ç–²ã‚Œã‚’æºœã‚ã‚ˆã†ã€‘ï¼’æ³Šï¼“æ—¥ï¼å¯ãŸã‚‰å³å¸°å®…ã®æ—…ï¼Partï¼•
497,ã€ç–²ã‚Œã‚’æºœã‚ã‚ˆã†ã€‘ï¼’æ³Šï¼“æ—¥ï¼å¯ãŸã‚‰å³å¸°å®…ã®æ—…ï¼Partï¼•
498,ã€ç–²ã‚Œã‚’æºœã‚ã‚ˆã†ã€‘ï¼’æ³Šï¼“æ—¥ï¼å¯ãŸã‚‰å³å¸°å®…ã®æ—…ï¼Partï¼•
499,è­¦å¯Ÿã‹ã‚‰é€ƒã’ã‚‹
500,è­¦å¯Ÿã‹ã‚‰é€ƒã’ã‚‹
501,è­¦å¯Ÿã‹ã‚‰é€ƒã’ã‚‹
502,è­¦å¯Ÿã‹ã‚‰é€ƒã’ã‚‹
503,ã€å…¬å¼ã€‘ã‚µãƒ³ãƒ‰ã‚¦ã‚£ãƒƒãƒãƒãƒ³ã€€ã‚³ãƒ³ãƒˆã€èœ‚ã®å·£é§†é™¤ã€‘
504,ã€é‰„è…•DASHã€‘TOKIOåŸå³¶ãƒªãƒ¼ãƒ€ãƒ¼ã€ç¦å³¶ã¸è¡Œã
505,ã€é‰„è…•DASHã€‘TOKIOåŸå³¶ãƒªãƒ¼ãƒ€ãƒ¼ã€ç¦å³¶ã¸è¡Œã
506,ã€å…¬å¼ã€‘ã‚µãƒ³ãƒ‰ã‚¦ã‚£ãƒƒãƒãƒãƒ³ã€€ã‚³ãƒ³ãƒˆã€èœ‚ã®å·£é§†é™¤ã€‘
507,"ã€ã‚¬ãƒã€‘10å•æ­£è§£ã§1,000,000å††ç²å¾—ï¼ã‚¯ã‚¤ã‚ºï¼„ãƒŸãƒªã‚ªãƒ³ã‚¨ã‚¢ï¼ï¼ï¼"
508,"ã€ã‚¬ãƒã€‘10å•æ­£è§£ã§1,000,000å††ç²å¾—ï¼ã‚¯ã‚¤ã‚ºï¼„ãƒŸãƒªã‚ªãƒ³ã‚¨ã‚¢ï¼ï¼ï¼"
509,FAPtv CÆ¡m Nguá»™i: Táº­p 159 - Äá»‘i Diá»‡n Tháº§n Cháº¿t
510,Try Not To Laugh Challenge #13
511,ï¼’/28æ°´æ›œæ—¥ã®ãƒ€ã‚¦ãƒ³ã‚¿ã‚¦ãƒ³ã€Œãƒ™ãƒƒãƒ‰ã®ä¸­ã«äººãŒã„ã‚‹ã€ãŒçµå±€ä¸€ç•ªèª¬w
512,ï¼’/28æ°´æ›œæ—¥ã®ãƒ€ã‚¦ãƒ³ã‚¿ã‚¦ãƒ³ã€Œãƒ™ãƒƒãƒ‰ã®ä¸­ã«äººãŒã„ã‚‹ã€ãŒçµå±€ä¸€ç•ªèª¬w
513,ã€ã¾ã•ã‹ã®æ°´æ³³å¯¾æ±ºã€‘ï¼’æ³Šï¼“æ—¥ï¼å¯ãŸã‚‰å³å¸°å®…ã®æ—…ï¼Partï¼’
514,ã€ã¤ã„ã«æœ€çµ‚å›ã€‘ï¼’æ³Šï¼“æ—¥ï¼å¯ãŸã‚‰å³å¸°å®…ã®æ—…ï¼Partï¼—
515,ã€ã¤ã„ã«æœ€çµ‚å›ã€‘ï¼’æ³Šï¼“æ—¥ï¼å¯ãŸã‚‰å³å¸°å®…ã®æ—…ï¼Partï¼—
516,FAPtv CÆ¡m Nguá»™i: Táº­p 154 - Bá»¥i Äá»i (Phim HÃ i Táº¿t 2018)
517,YOU GROOVE YOU LOSE
518,ã€ã‚«ã‚ªã‚¹å†ã³ã€‘ç¬¬ä¸€å›ï¼ å·¥è—¤æ–°ä¸€é¸æ‰‹æ¨©ï¼ï¼ï¼
519,"Ariana Grande, Jimmy & The Roots Sing No Tears Left to Cry w/ Nintendo Labo Instruments"
520,"Ariana Grande, Jimmy & The Roots Sing No Tears Left to Cry w/ Nintendo Labo Instruments"
521,FAPtv CÆ¡m Nguá»™i: Táº­p 166 - Chá»“ng TÃ´i MÃª ÄÃ¡ Banh
522,ã€ç”Ÿæ”¾é€ã€‘åºƒè¾è‹‘ã‚’ä½¿ã£ã¦ã—ã‚Šã¨ã‚Šã—ãŸã‚‰ä½•æ™‚é–“ã§çµ‚ã‚ã‚‹ã®ï¼Ÿ
523,ã€ç”Ÿæ”¾é€ã€‘åºƒè¾è‹‘ã‚’ä½¿ã£ã¦ã—ã‚Šã¨ã‚Šã—ãŸã‚‰ä½•æ™‚é–“ã§çµ‚ã‚ã‚‹ã®ï¼Ÿ
524,"ã€ã‚¬ãƒã€‘10å•æ­£è§£ã§1,000,000å††ç²å¾—ï¼ã‚¯ã‚¤ã‚ºï¼„ãƒŸãƒªã‚ªãƒ³ã‚¨ã‚¢ï¼ï¼ï¼"
525,"ã€ã‚¬ãƒã€‘10å•æ­£è§£ã§1,000,000å††ç²å¾—ï¼ã‚¯ã‚¤ã‚ºï¼„ãƒŸãƒªã‚ªãƒ³ã‚¨ã‚¢ï¼ï¼ï¼"
526,GREENTEXT MEMES
527,ã€ã”å ±å‘Šã€‘ã—ã¯ã‚™ã‚†ãƒ¼è„±é€€ç–‘æƒ‘ã«ã¤ã„ã¦
528,ã€ã”å ±å‘Šã€‘ã—ã¯ã‚™ã‚†ãƒ¼è„±é€€ç–‘æƒ‘ã«ã¤ã„ã¦
529,"ã€ã‚¬ãƒã€‘10å•æ­£è§£ã§1,000,000å††ç²å¾—ï¼ã‚¯ã‚¤ã‚ºï¼„ãƒŸãƒªã‚ªãƒ³ã‚¨ã‚¢ï¼ï¼ï¼"
530,ã€ç”Ÿæ”¾é€ã€‘åºƒè¾è‹‘ã‚’ä½¿ã£ã¦ã—ã‚Šã¨ã‚Šã—ãŸã‚‰ä½•æ™‚é–“ã§çµ‚ã‚ã‚‹ã®ï¼Ÿ
531,Chá»‰ cÃ³ á»Ÿ Phim HÃ i Viá»‡t Nam - Äi xem phÃ²ng trá» láº¡i xin Táº¯m nhá» luÃ´n - CÆ°á»i Vá»¡ Bá»¥ng
532,Avengers: Infinity War Cast Sings The Marvel Bunch
533,FAPtv CÆ¡m Nguá»™i: Táº­p 167 - Äáº¡i Ca Äi Há»c
534,FAPtv CÆ¡m Nguá»™i: Táº­p 167 - Äáº¡i Ca Äi Há»c
535,IF YOU DONT LIKE AMY SCHUMER THEN YOU ARE A ....
536,"KIDS DROP THEIR PHONES , THE REASON WHY , WILL SHOCK U! [MEME REVIEW] ğŸ‘ ğŸ‘ #14"
537,"YOU LAUGH, YOU TERRIFIED"
538,"YOU LAUGH, YOU DIE"
539,Há»™i ThÃ¡nh Äá»©c ChÃºa Trá»i Bá»‘ Äá»i - Táº­p 1 | Phim HÃ i Má»›i Nháº¥t 2018 - Phim Hay CÆ°á»i Vá»¡ Bá»¥ng 2018
540,Mean Tweets â€“ Avengers Edition
541,ã€ãƒ‰ãƒƒã‚­ãƒªã€‘ã‚¢ãƒ«ãƒŸãƒ›ã‚¤ãƒ«ç‰ã«ï¼“ä¸‡ãƒœãƒ«ãƒˆå……é›»ã—ã¦æœºã«ç½®ã„ã¦ãŠãww
542,ã€ãƒ‰ãƒƒã‚­ãƒªã€‘ã‚¢ãƒ«ãƒŸãƒ›ã‚¤ãƒ«ç‰ã«ï¼“ä¸‡ãƒœãƒ«ãƒˆå……é›»ã—ã¦æœºã«ç½®ã„ã¦ãŠãww
543,ã€ã¾ã•ã‹ã®é­é›£ã€‘ç„¡äººå³¶ã®æ´çªŸã«æš—è¦–ã‚«ãƒ¡ãƒ©1æ—¥æ”¾ç½®ã—ãŸçµæœ #8
544,ã€ã¾ã•ã‹ã®é­é›£ã€‘ç„¡äººå³¶ã®æ´çªŸã«æš—è¦–ã‚«ãƒ¡ãƒ©1æ—¥æ”¾ç½®ã—ãŸçµæœ #8
545,THE RAPPER THAILAND | EP.02 | 16 à¹€à¸¡à¸©à¸²à¸¢à¸™ 2561 Full EP
546,120ä¸‡å††ã®éŠæˆ¯ç‹ã‚«ãƒ¼ãƒˆã‚™ã‹ã‚™ç„¡ã„ï¼
547,é‰„è…•DASH!!ã€å±±å£ã®ä»¶ã§ç¦å³¶ã®æ–¹ã€…ã«è¬ç½ªã™ã‚‹åŸå³¶ã€‘2018.05.13
548,é‰„è…•DASH!!ã€å±±å£ã®ä»¶ã§ç¦å³¶ã®æ–¹ã€…ã«è¬ç½ªã™ã‚‹åŸå³¶ã€‘2018.05.13
549,ã€å«ŒãŒã‚‰ã›ï¼Ÿã€‘å¤§é‡ã®ãƒˆãƒãƒˆã‹ã‚‰é€£çµ¡ãŒãã‚‹ã‚“ã ã‘ã©ä½•ãªã®ï¼Ÿ
550,PGT Highlights 2018: Kristel De Catalina is the PGT Season 6 Grand Winner
551,TrÆ°á»ng Giang Quá»³ Láº¡y TrÆ°á»›c Äá»™ Láº§y Lá»™i Cá»§a Máº¡c VÄƒn Khoa | HÃ i TrÆ°á»ng Giang 2018
552,æ”¿åºœã‹ã‚‰ã®è¦è«‹ï¼ŸçµŒæ¸ˆç”£æ¥­çœã®å®˜åƒšã‹ã‚‰å‘¼ã³å‡ºã•ã‚ŒãŸã®ã§è¡Œã£ã¦ã¿ãŸ
553,æ”¿åºœã‹ã‚‰ã®è¦è«‹ï¼ŸçµŒæ¸ˆç”£æ¥­çœã®å®˜åƒšã‹ã‚‰å‘¼ã³å‡ºã•ã‚ŒãŸã®ã§è¡Œã£ã¦ã¿ãŸ
554,ã‚ãã¿ã¨ã‚ªãƒ¼ãƒ—ãƒ³ã‚«ãƒ¼ã§ãƒ‰ãƒ©ã‚¤ãƒ–ã—ã¦ããŸwwwww
555,Trump Radically Changed The U.S. Economy Because He Could
556,[KCON JAPAN] TWICE - INTRO + What is Love?ã…£KCON 2018 JAPAN x M COUNTDOWN 180419 EP.567
557,NRA Members Are Losing Perks
558,Sean Hannity Puts The President To Bed Each Night
559,Sean Hannity Puts The President To Bed Each Night
560,ç§ãŒ2å¹´é–“Amazonã§è²·ã£ãŸãƒ¢ãƒã‚’å…¨éƒ¨è¦‹ã›ã¾ã—ã‚‡ã†ã€‚
561,ç§ãŒ2å¹´é–“Amazonã§è²·ã£ãŸãƒ¢ãƒã‚’å…¨éƒ¨è¦‹ã›ã¾ã—ã‚‡ã†ã€‚
562,Hungry To Leave Power Games: Rex Tillerson
563,Hungry To Leave Power Games: Rex Tillerson
564,Hungry To Leave Power Games: Rex Tillerson
565,Hungry To Leave Power Games: Rex Tillerson
566,å±±å£é”ä¹Ÿè„±é€€å¾Œã€äº‹ä»¶ã®çœŸã®é»’å¹•ãŒè­¦å¯Ÿã«ã‚ˆã‚Šåˆ¤æ˜ã—ä¸€åŒé©šæ„•...å±±å£ã®ã€Œç¾åœ¨ã®å§¿ã€ã¨TOKIOã®ä»Šå¾Œ
567,ã€å‘ªã„ã€‘å¿ƒéœŠã‚¹ãƒ›ã‚šãƒƒãƒˆã‹ã‚‰å¸°ã£ã¦ããŸã‚‰èº«ä½“ã‹ã‚™...
568,éœŠåª’å¸«ã«ãŠé¡˜ã„ã—ã¦ãƒ³ãƒ€ãƒ›ã®ãŠã˜ã„ã¡ã‚ƒã‚“ã‚’å‘¼ã‚“ã§ã¿ãŸï¼ï¼Ÿ
569,éœŠåª’å¸«ã«ãŠé¡˜ã„ã—ã¦ãƒ³ãƒ€ãƒ›ã®ãŠã˜ã„ã¡ã‚ƒã‚“ã‚’å‘¼ã‚“ã§ã¿ãŸï¼ï¼Ÿ
570,å®¶ã®ä¸­ã§æ‰“ã¡ä¸Šã’èŠ±ç«ã—ãŸã‚‰å¨åŠ›ãŒå‡„ã¾ã˜ã‹ã£ãŸã€‚ã€è¡æ’ƒæ˜ åƒã€‘
571,å°å¹³å¥ˆç·’ã®è¦ªå‹ã€æç›¸èŠ±ãŒéŸ“å›½ãƒ¡ãƒ‡ã‚£ã‚¢ã ã‘ã«è©±ã—ãŸã€Œã‚ã‚‹è¨€è‘‰ã€ãŒãƒ¤ãƒã™ãã‚‹â€¦æ¶™ãŒæ­¢ã¾ã‚‰ãªã„â€¦ã€mayuã€‘
572,å°å¹³å¥ˆç·’ã®è¦ªå‹ã€æç›¸èŠ±ãŒéŸ“å›½ãƒ¡ãƒ‡ã‚£ã‚¢ã ã‘ã«è©±ã—ãŸã€Œã‚ã‚‹è¨€è‘‰ã€ãŒãƒ¤ãƒã™ãã‚‹â€¦æ¶™ãŒæ­¢ã¾ã‚‰ãªã„â€¦ã€mayuã€‘
573,éˆ´ã§æœã‚’ä½œã£ã¦ã¿ãŸã‚‰ãƒãƒªãƒãƒªå¯æ„›ã„ã™ããŸï¼ï¼
574,å²ä¸Šæœ€å¼·â‰ã‚¢ãƒ«ãƒ†ã‚£ãƒ¡ãƒƒãƒˆãƒã‚¹ã‚±ãŒè¶…çµ¶ãƒãƒ¼ãƒ‰ã§æ¥½ã—ã‹ã£ãŸï½—ï½—ï½—
575,å²ä¸Šæœ€å¼·â‰ã‚¢ãƒ«ãƒ†ã‚£ãƒ¡ãƒƒãƒˆãƒã‚¹ã‚±ãŒè¶…çµ¶ãƒãƒ¼ãƒ‰ã§æ¥½ã—ã‹ã£ãŸï½—ï½—ï½—
576,è¥¿æˆã‚ã„ã‚Šã‚“åœ°åŒºã®ãƒ›ãƒ¼ãƒ ãƒ¬ã‚¹ã‚’åƒå††ã§ãƒŒããŠã°ã¡ã‚ƒã‚“ã‚’è¿½è·¡ã—ã¦ã¿ãŸ
577,è¥¿æˆã‚ã„ã‚Šã‚“åœ°åŒºã®ãƒ›ãƒ¼ãƒ ãƒ¬ã‚¹ã‚’åƒå††ã§ãƒŒããŠã°ã¡ã‚ƒã‚“ã‚’è¿½è·¡ã—ã¦ã¿ãŸ
578,"Æ n Giá»i Cáº­u ÄÃ¢y Rá»“i Táº­p 11 Full: HÃ²a Minzy nÃ³i Äƒn cÆ¡m trÆ°á»›c káº»ng, Tráº¥n ThÃ nh Ä‘Ã¡p Hari Won Ä‘Ã£ hÃ©o"
579,"Æ n Giá»i Cáº­u ÄÃ¢y Rá»“i Táº­p 11 Full: HÃ²a Minzy nÃ³i Äƒn cÆ¡m trÆ°á»›c káº»ng, Tráº¥n ThÃ nh Ä‘Ã¡p Hari Won Ä‘Ã£ hÃ©o"
580,ã€ç¥å›ã€‘ç›¸æ–¹ã«ãƒãƒ¬ãšã«ãˆã£ã¡ã‚ƒã‚“ã¨ã‚­ã‚¹ã‚’ã©ã‚Œã ã‘ã§ãã‚‹ã®ã‹ï¼Ÿ
581,ã€ç¥å›ã€‘ç›¸æ–¹ã«ãƒãƒ¬ãšã«ãˆã£ã¡ã‚ƒã‚“ã¨ã‚­ã‚¹ã‚’ã©ã‚Œã ã‘ã§ãã‚‹ã®ã‹ï¼Ÿ
582,MARIA - NEVER ENOUGH (Loren Allred) - Spekta Show Top 7 - Indonesian Idol 2018
583,ç‰‡æ‰‹ãƒ€ãƒ³ã‚¯ã«ãƒã‚¯å®™ã¾ã§ï¼Ÿå…ƒè‡ªè¡›éšŠã®ãƒ©ãƒ•ã‚¡ã‚¨ãƒ«ã«ã‚¢ã‚¹ãƒ¬ãƒãƒƒã‚¯ã•ã›ãŸã‚‰æ–°è¨˜éŒ²æ¨¹ç«‹ï¼ï¼ï¼
584,ç‰‡æ‰‹ãƒ€ãƒ³ã‚¯ã«ãƒã‚¯å®™ã¾ã§ï¼Ÿå…ƒè‡ªè¡›éšŠã®ãƒ©ãƒ•ã‚¡ã‚¨ãƒ«ã«ã‚¢ã‚¹ãƒ¬ãƒãƒƒã‚¯ã•ã›ãŸã‚‰æ–°è¨˜éŒ²æ¨¹ç«‹ï¼ï¼ï¼
585,ã‚¢ãƒ«ãƒŸãƒ›ã‚¤ãƒ«ç‰ã‚’ç§‘å­¦ã®åŠ›ã§æœ€å¼·ã«ã—ã¦ã¿ãŸ
586,å±±å£é”ä¹Ÿã‚’æ•‘ã„ãŸã„ã€TOKIOã€‘
587,å±±å£é”ä¹Ÿã‚’æ•‘ã„ãŸã„ã€TOKIOã€‘
588,THE RAPPER | EP.07 | 21 à¸à¸¤à¸©à¸ à¸²à¸„à¸¡ 2561 Full EP
589,THE RAPPER | EP.07 | 21 à¸à¸¤à¸©à¸ à¸²à¸„à¸¡ 2561 Full EP
590,"ä»Šã¾ã§ã§No,1ã«å·¨å¤§ãªã‚¢ã‚¹ãƒ¬ãƒãƒƒã‚¯ãŒéå»ï¼‘ç•ªã«å¤§å¤‰ã ã£ãŸï¼ï¼"
591,"ä»Šã¾ã§ã§No,1ã«å·¨å¤§ãªã‚¢ã‚¹ãƒ¬ãƒãƒƒã‚¯ãŒéå»ï¼‘ç•ªã«å¤§å¤‰ã ã£ãŸï¼ï¼"
592,ã€å¤§é£Ÿã„ã€‘ç„¼è‚‰å±‹ã®é£Ÿã¹æ”¾é¡Œã¯æ­»ã¬æ°—ã«ãªã‚Œã°å…ƒå–ã‚Œã‚“ã®ï¼Ÿ
593,ã€EP.2ã€‘é™ˆèµ«Selinaç›¸çˆ±ç›¸æ€ éƒ‘æºæ˜†å‡Œé»˜å¥‘æ­æ¡£ç«Ÿè¢«é¹¿æ™—è“ç›ˆè¹PKï¼Ÿã€Šå¥”è·‘å§2ã€‹20180420 Keep Running S2 [ æµ™æ±Ÿå«è§†å®˜æ–¹HD ]
594,ã€é€Ÿå ±ã€‘AirPodsãŒã‚¢ãƒã‚¾ãƒ³ã§800å††ã§å£²ã‚‰ã‚Œã¦ã„ã‚‹ï¼ï¼Ÿ
595,ã€é€Ÿå ±ã€‘AirPodsãŒã‚¢ãƒã‚¾ãƒ³ã§800å††ã§å£²ã‚‰ã‚Œã¦ã„ã‚‹ï¼ï¼Ÿ
596,THE RAPPER | EP.04 | 30 à¹€à¸¡à¸©à¸²à¸¢à¸™ 2561 Full EP
597,Trump's Twitter Spree After Robert Mueller's Russia Indictments
598,ã€å¤§æµè¡Œã€‘ã‚¢ãƒ«ãƒŸãƒ›ã‚¤ãƒ«ï¼‘ï¼ï¼mã‚’å©ãã¾ãã‚‹ã¨ã™ã”ã„ã‚‰ã—ã„ï¼ï¼
599,ã€å¤§æµè¡Œã€‘ã‚¢ãƒ«ãƒŸãƒ›ã‚¤ãƒ«ï¼‘ï¼ï¼mã‚’å©ãã¾ãã‚‹ã¨ã™ã”ã„ã‚‰ã—ã„ï¼ï¼
600,ã€ç¥å›ã€‘ç›¸æ–¹ã«ãƒãƒ¬ãšã«ãˆã£ã¡ã‚ƒã‚“ã¨ã‚­ã‚¹ã‚’ã©ã‚Œã ã‘ã§ãã‚‹ã®ã‹ï¼Ÿ
601,ã€ç¥å›ã€‘ç›¸æ–¹ã«ãƒãƒ¬ãšã«ãˆã£ã¡ã‚ƒã‚“ã¨ã‚­ã‚¹ã‚’ã©ã‚Œã ã‘ã§ãã‚‹ã®ã‹ï¼Ÿ
602,ãƒ¯ãƒ³ãƒ”ãƒ¼ã‚¹ 903 Raw Full | One Piece
603,ãƒ¯ãƒ³ãƒ”ãƒ¼ã‚¹ 903 Raw Full | One Piece
604,ä¹ƒæœ¨å‚46 ç™½çŸ³éº»è¡£ã®å¤©ç‹—ãªæ…‹åº¦ã«ç‚ä¸Š Nogizaka46 Shiraishi Mai
605,ä¹ƒæœ¨å‚46 ç™½çŸ³éº»è¡£ã®å¤©ç‹—ãªæ…‹åº¦ã«ç‚ä¸Š Nogizaka46 Shiraishi Mai
606,é«˜ç´šãƒ‰ãƒªã‚¢ãƒ³ã‚’ãã®ã¾ã¾ã‚¸ãƒ¥ãƒ¼ã‚¹ã«ã—ã‚ˆã†ã—ãŸã‚‰è‡­ã™ãã¦å€’ã‚Œã‹ã‘ãŸã€‚
607,é«˜ç´šãƒ‰ãƒªã‚¢ãƒ³ã‚’ãã®ã¾ã¾ã‚¸ãƒ¥ãƒ¼ã‚¹ã«ã—ã‚ˆã†ã—ãŸã‚‰è‡­ã™ãã¦å€’ã‚Œã‹ã‘ãŸã€‚
608,Dancing Without Moving!?
609,Dancing Without Moving!?
610,ç„¡äººå³¶ã®æ¼‚æµç‰©ã®ä¸­ã«ã¨ã‚“ã§ã‚‚ãªã„ã‚‚ã®ãŒå­˜åœ¨ã—ãŸ #7
611,ç„¡äººå³¶ã®æ¼‚æµç‰©ã®ä¸­ã«ã¨ã‚“ã§ã‚‚ãªã„ã‚‚ã®ãŒå­˜åœ¨ã—ãŸ #7
612,THE RAPPER | EP.06 | 14 à¸à¸¤à¸©à¸ à¸²à¸„à¸¡ 2561 Full EP
613,Donchez bags a GOLDEN BUZZER with his Wiggle and Wine! | Auditions | BGT 2018
614,ã€çŠ¬é³´æ‘ã€‘åœ°å›³ã«è¼‰ã‚‰ãªã„æ—¥æœ¬ä¸€ã®å¿ƒéœŠã‚¹ãƒãƒƒãƒˆãŒãƒ¤ãƒã‹ã£ãŸ
615,ã€çŠ¬é³´æ‘ã€‘åœ°å›³ã«è¼‰ã‚‰ãªã„æ—¥æœ¬ä¸€ã®å¿ƒéœŠã‚¹ãƒãƒƒãƒˆãŒãƒ¤ãƒã‹ã£ãŸ
616,éŸ³ãƒ•ã‚§ãƒå‹•ç”»ã‚’5ç§’ã«å‡ç¸®ã—ã¦å²ä¸Šæœ€å¼·ã®è‰¯ã„éŸ³ã‚’ä½œã£ã¦ã¿ãŸ
617,éŸ³ãƒ•ã‚§ãƒå‹•ç”»ã‚’5ç§’ã«å‡ç¸®ã—ã¦å²ä¸Šæœ€å¼·ã®è‰¯ã„éŸ³ã‚’ä½œã£ã¦ã¿ãŸ
618,Robert Mueller Pities The Fool
619,å°å¹³å¥ˆç·’ é‡‘ãƒ¡ãƒ€ãƒ«ã®è£ã§éŸ“å›½äººã‚¹ã‚¿ãƒ¼ã‚¿ãƒ¼ã®å·ç ²ã®ã‚¿ã‚¤ãƒŸãƒ³ã‚°ã«ãƒãƒƒãƒˆã§ç‰©è­°ãŒæ®ºåˆ°ï¼ï¼ã€500ï½å¥³å­ã‚¹ãƒ”ãƒ¼ãƒ‰ã‚¹ã‚±ãƒ¼ãƒˆã€‘ã€å¹³æ˜Œäº”è¼ª å¹³æ˜Œã‚ªãƒªãƒ³ãƒ”ãƒƒã‚¯ã€‘
620,å°å¹³å¥ˆç·’ é‡‘ãƒ¡ãƒ€ãƒ«ã®è£ã§éŸ“å›½äººã‚¹ã‚¿ãƒ¼ã‚¿ãƒ¼ã®å·ç ²ã®ã‚¿ã‚¤ãƒŸãƒ³ã‚°ã«ãƒãƒƒãƒˆã§ç‰©è­°ãŒæ®ºåˆ°ï¼ï¼ã€500ï½å¥³å­ã‚¹ãƒ”ãƒ¼ãƒ‰ã‚¹ã‚±ãƒ¼ãƒˆã€‘ã€å¹³æ˜Œäº”è¼ª å¹³æ˜Œã‚ªãƒªãƒ³ãƒ”ãƒƒã‚¯ã€‘
621,Pilipinas Got Talent 2018 Semifinals: JM Bayot - Vape Smoke Tricks
622,ã€100ä¸‡å††ä¼ç”»ã€‘æ± ãŒå®Œæˆã—ã¾ã—ãŸï¼åå‰ã‚’æ±ºã‚ã¾ã™ã€‚
623,ã€100ä¸‡å††ä¼ç”»ã€‘æ± ãŒå®Œæˆã—ã¾ã—ãŸï¼åå‰ã‚’æ±ºã‚ã¾ã™ã€‚
624,ä½è—¤ä»ç¾ã€12.2ã‚­ãƒ­ã®æ¸›é‡ã«æˆåŠŸã€€ç¾ãã³ã‚Œã‚’æŠ«éœ²ã—ã€Œãƒ¢ãƒ†ãŸã„ï¼ã€ã€€RIZAPæ–°TVCMï¼†ãƒ¡ã‚¤ã‚­ãƒ³ã‚°æ˜ åƒ
625,Jack and Tim receive GOLDEN BUZZER from Simon Cowell! | Auditions | BGT 2018
626,Stephen Colbert Responds To Devin Nunes
627,ã€ãƒ‰ãƒƒã‚­ãƒªã€‘ã‚¢ãƒ«ãƒŸãƒ›ã‚¤ãƒ«ç‰ã«ï¼“ä¸‡ãƒœãƒ«ãƒˆå……é›»ã—ã¦æœºã«ç½®ã„ã¦ãŠãww
628,éŸ³ãƒ•ã‚§ãƒå‹•ç”»ã‚’5ç§’ã«å‡ç¸®ã—ã¦å²ä¸Šæœ€å¼·ã®è‰¯ã„éŸ³ã‚’ä½œã£ã¦ã¿ãŸ
629,å¤§äººæ•°ã§ãƒªã‚¢ãƒ«ãƒ†ãƒ¼ãƒ–ãƒ«ã‚µãƒƒã‚«ãƒ¼ã—ã¦ã¿ãŸï½—ï½—ï½—
630,å¤§äººæ•°ã§ãƒªã‚¢ãƒ«ãƒ†ãƒ¼ãƒ–ãƒ«ã‚µãƒƒã‚«ãƒ¼ã—ã¦ã¿ãŸï½—ï½—ï½—
631,smile.Glicoã€Œ  71.8ç§’ã® LIFE  ï¼ 71.8  SECOND LIFE ã€
632,smile.Glicoã€Œ  71.8ç§’ã® LIFE  ï¼ 71.8  SECOND LIFE ã€
633,NANATSU NO TAIZAI: IMASHIME NO FUKKATSU 14 SUB ESPAÃ‘OL
634,NANATSU NO TAIZAI: IMASHIME NO FUKKATSU 14 SUB ESPAÃ‘OL
635,9000Wã®å²ä¸Šæœ€å¼·ã®ã‚¸ã‚§ãƒƒãƒˆãƒã‚¹ã«ã€æ³¡ã‚’ãƒ–ãƒè¾¼ã‚€ï¼ï¼
636,ã¬ã„ãã‚‹ã¿ã®ä¸­ã«å…¥ã£ã¦èµ°ã‚‹æ˜ åƒãŒãƒ„ãƒœã™ãã‚‹www
637,ã¬ã„ãã‚‹ã¿ã®ä¸­ã«å…¥ã£ã¦èµ°ã‚‹æ˜ åƒãŒãƒ„ãƒœã™ãã‚‹www
638,ã¬ã„ãã‚‹ã¿ã®ä¸­ã«å…¥ã£ã¦èµ°ã‚‹æ˜ åƒãŒãƒ„ãƒœã™ãã‚‹www
639,ã¬ã„ãã‚‹ã¿ã®ä¸­ã«å…¥ã£ã¦èµ°ã‚‹æ˜ åƒãŒãƒ„ãƒœã™ãã‚‹www
640,THE RAPPER | EP.09 | 04 à¸¡à¸´à¸–à¸¸à¸™à¸²à¸¢à¸™  2561 Full EP
641,THE RAPPER | EP.10 | 11 à¸¡à¸´à¸–à¸¸à¸™à¸²à¸¢à¸™  2561 Full EP
642,HTV VIÌ€ YÃŠU MAÌ€ ÄÃŠÌN | Cuá»™c Ä‘á»i em vÃ¬ anh mÃ  ráº½ ngang | VYMD #24 FULL | 22/2/2018
643,ë®¤ì§ë±…í¬ Music Bank - What is Love? - TWICE(íŠ¸ì™€ì´ìŠ¤).20180427
644,ë®¤ì§ë±…í¬ Music Bank - What is Love? - TWICE(íŠ¸ì™€ì´ìŠ¤).20180427
645,ã€å…„å¼Ÿï¼Ÿã€‘ã‚«ãƒ³ã‚¿ï¼“äººã«ãªã£ã¦å¸°å®…ã™ã‚‹ãƒ‰ãƒƒã‚­ãƒªwww
646,Hã§æ€’ã‚‰ã‚ŒãŸã®ã¯â€œãƒ–ã‚¹â€ã ã‹ã‚‰ï¼Ÿå‡ºæ¼”è€…ã«èã„ã¦ã¿ãŸã‚‰ã€Œç‰©ã™ã‚‰è¦‹ã¡ã‚ƒã„ã‘ãªã„ã€è©±ã¾ã§â€¦ï½œãŠãã‚„ã¯ãã®ã€Œãƒ–ã‚¹ã€ãƒ†ãƒ¬ãƒ“â™¯60 ãƒ–ã‚¹ã»ã©ç¾å®¹ã‚°ãƒƒã‚ºã«100ä¸‡å††ãã‚‰ã„ä½¿ã„ãŒã¡ã€‚
647,Hã§æ€’ã‚‰ã‚ŒãŸã®ã¯â€œãƒ–ã‚¹â€ã ã‹ã‚‰ï¼Ÿå‡ºæ¼”è€…ã«èã„ã¦ã¿ãŸã‚‰ã€Œç‰©ã™ã‚‰è¦‹ã¡ã‚ƒã„ã‘ãªã„ã€è©±ã¾ã§â€¦ï½œãŠãã‚„ã¯ãã®ã€Œãƒ–ã‚¹ã€ãƒ†ãƒ¬ãƒ“â™¯60 ãƒ–ã‚¹ã»ã©ç¾å®¹ã‚°ãƒƒã‚ºã«100ä¸‡å††ãã‚‰ã„ä½¿ã„ãŒã¡ã€‚
648,ã€å«ŒãŒã‚‰ã›ï¼Ÿã€‘å¤§é‡ã®ãƒˆãƒãƒˆã‹ã‚‰é€£çµ¡ãŒãã‚‹ã‚“ã ã‘ã©ä½•ãªã®ï¼Ÿ
649,[Full Episode] MasterChef Thailand à¸¡à¸²à¸ªà¹€à¸•à¸­à¸£à¹Œà¹€à¸Šà¸Ÿà¸›à¸£à¸°à¹€à¸—à¸¨à¹„à¸—à¸¢ Season 2 EP. 11
650,ã€é›£é–¢ã€‘SASUKEã®ã‚ˆã†ãªã‚¢ã‚¹ãƒ¬ãƒãƒƒã‚¯ãŒã—ã‚“ã©ã™ãã¦é™ç•Œçªç ´ã—ãŸï¼ï¼ï¼
651,180520 BBMA FAKE LOVE edit.ver / ë°©íƒ„ì†Œë…„ë‹¨ ì •êµ­ ì§ìº  BTS JUNGKOOK FOCUS FANCAM
652,180520 BBMA FAKE LOVE edit.ver / ë°©íƒ„ì†Œë…„ë‹¨ ì •êµ­ ì§ìº  BTS JUNGKOOK FOCUS FANCAM
653,ã€è¡æ’ƒã€‘é‡‘æŒã¡ã¨è²§ä¹äººã®è¡Œå‹•ã®é•ã„ï¼–é¸
654,TOKIO å›½åˆ†å¤ªä¸€ã€€ã€Œã‚¸ãƒ£ãƒ‹ãƒ¼ã•ã‚“ã«ç”³ã—è¨³ãªãã¦ã€
655,TOKIO å›½åˆ†å¤ªä¸€ã€€ã€Œã‚¸ãƒ£ãƒ‹ãƒ¼ã•ã‚“ã«ç”³ã—è¨³ãªãã¦ã€
656,ã¯ã˜ã‚ã€å›½æ°‘çš„ã‚¹ãƒ¼ãƒ‘ãƒ¼ã‚¢ã‚¤ãƒ‰ãƒ«ã«å›²ã¾ã‚Œã‚‹wwwwwww
657,ã¯ã˜ã‚ã€å›½æ°‘çš„ã‚¹ãƒ¼ãƒ‘ãƒ¼ã‚¢ã‚¤ãƒ‰ãƒ«ã«å›²ã¾ã‚Œã‚‹wwwwwww
658,"17,000å††ã®é³¥ã®ãŠã‚‚ã¡ã‚ƒãŒè‰²ã€…ã™ã’ãˆwwwwwwwwww"
659,"17,000å††ã®é³¥ã®ãŠã‚‚ã¡ã‚ƒãŒè‰²ã€…ã™ã’ãˆwwwwwwwwww"
660,ã€æ‹ ç‚¹æ¢ã—ã€‘ã‚¢ãƒãƒ³ãƒ†ã‚£ãƒ¼ã‚ºãŒãã‚ŒãŸã‚¸ãƒ£ãƒ³ã‚°ãƒ«ã‚¸ãƒ ã‚’å®¶ã«ã—ã¦ã¿ãŸ#3
661,ã€æ‹ ç‚¹æ¢ã—ã€‘ã‚¢ãƒãƒ³ãƒ†ã‚£ãƒ¼ã‚ºãŒãã‚ŒãŸã‚¸ãƒ£ãƒ³ã‚°ãƒ«ã‚¸ãƒ ã‚’å®¶ã«ã—ã¦ã¿ãŸ#3
662,ë®¤ì§ë±…í¬ Music Bank - What is Love? - TWICE(íŠ¸ì™€ì´ìŠ¤).20180420
663,ë®¤ì§ë±…í¬ Music Bank - What is Love? - TWICE(íŠ¸ì™€ì´ìŠ¤).20180420
664,å®¶ã«æ€–ã„äººãŒæ¥ã¾ã—ãŸ
665,å®¶ã«æ€–ã„äººãŒæ¥ã¾ã—ãŸ
666,CHáº Y NGAY ÄI | SÆ N TÃ™NG M-TP - Teaser Trailer
667,ãƒ¦ãƒ¼ãƒãƒ¥ãƒ¼ãƒã‚™ãƒ¼ã‚¹ãƒ›ã‚šãƒ¼ãƒ„ç‹æ±ºå®šæˆ¦ï¼é‹å‹•ç¥çµŒã‹ã‚™1ç•ªã„ã„ã®ã¯èª°ãŸã‚™!?ã€ãƒ’ã‚«ã‚­ãƒ³ vs ãƒ³ãƒ€ãƒ› vs ã¦ã¤ã‚„ã€‘
668,ãƒ¦ãƒ¼ãƒãƒ¥ãƒ¼ãƒã‚™ãƒ¼ã‚¹ãƒ›ã‚šãƒ¼ãƒ„ç‹æ±ºå®šæˆ¦ï¼é‹å‹•ç¥çµŒã‹ã‚™1ç•ªã„ã„ã®ã¯èª°ãŸã‚™!?ã€ãƒ’ã‚«ã‚­ãƒ³ vs ãƒ³ãƒ€ãƒ› vs ã¦ã¤ã‚„ã€‘
669,Pilipinas Got Talent 2018 Semifinals: Jepthah Wow Magic Callitong - Magic
670,BEYONCÃ‰ AND DESTINYâ€™S CHILD REUNION COACHELLA 2018 PERFORMANCE
671,ã€æ¤œè¨¼ã€‘ãƒã‚™ãƒ³ã‚·ã‚™ãƒ¼ã‚·ã‚™ãƒ£ãƒ³ãƒ•ã‚šã¯ä½•å›ã‚„ã‚Œã¯ã‚™æ€–ããªããªã‚‹ã®ï¼Ÿ
672,ã€æ¤œè¨¼ã€‘ãƒã‚™ãƒ³ã‚·ã‚™ãƒ¼ã‚·ã‚™ãƒ£ãƒ³ãƒ•ã‚šã¯ä½•å›ã‚„ã‚Œã¯ã‚™æ€–ããªããªã‚‹ã®ï¼Ÿ
673,ã€æ–°ç«¶æŠ€ã€‘ãƒ¬ãƒ¼ã‚¶ãƒ¼ã‚¿ã‚°ã§åœ§å€’çš„å¼·è€…ã«ãƒœã‚³ãƒœã‚³ã«ã‚„ã‚‰ã‚Œã¾ã—ãŸã€‚
674,ã€æ–°ç«¶æŠ€ã€‘ãƒ¬ãƒ¼ã‚¶ãƒ¼ã‚¿ã‚°ã§åœ§å€’çš„å¼·è€…ã«ãƒœã‚³ãƒœã‚³ã«ã‚„ã‚‰ã‚Œã¾ã—ãŸã€‚
675,ã€æ–°ç«¶æŠ€ã€‘ãƒ¬ãƒ¼ã‚¶ãƒ¼ã‚¿ã‚°ã§åœ§å€’çš„å¼·è€…ã«ãƒœã‚³ãƒœã‚³ã«ã‚„ã‚‰ã‚Œã¾ã—ãŸã€‚
676,ã€æ–°ç«¶æŠ€ã€‘ãƒ¬ãƒ¼ã‚¶ãƒ¼ã‚¿ã‚°ã§åœ§å€’çš„å¼·è€…ã«ãƒœã‚³ãƒœã‚³ã«ã‚„ã‚‰ã‚Œã¾ã—ãŸã€‚
677,Jimmy Kimmel's Oscars Monologue 2018
678,Jimmy Kimmel's Oscars Monologue 2018
679,ã€æ•‘ã„ã€‘ç„¡äººå³¶ã§ãƒ’ã‚«ã‚­ãƒ³ã•ã‚“ãŒãã‚ŒãŸç®±é–‹ã‘ã¦ã¿ãŸï¼#5
680,ã€æ•‘ã„ã€‘ç„¡äººå³¶ã§ãƒ’ã‚«ã‚­ãƒ³ã•ã‚“ãŒãã‚ŒãŸç®±é–‹ã‘ã¦ã¿ãŸï¼#5
681,ç‹¼çŠ¬ã®ç”Ÿé¦–ãŒå‹•ãå‡ºã™ï¼ï¼
682,å±±ä¸­æ…ä»‹vsãƒ«ã‚¤ã‚¹ãƒãƒªã€€å‰æ—¥è¨ˆé‡ã§è¡æ’ƒã®çµæœãŒ
683,ã‚­ã‚¹ã«ã‚‚è¨€åŠ å±±å£ãƒ¡ãƒ³ãƒãƒ¼ â€å ±é“ç™ºè¡¨ å½“æ—¥ã®æœâ€ ç•ªçµ„åéŒ²ã®æ§˜å­
684,ã‚­ã‚¹ã«ã‚‚è¨€åŠ å±±å£ãƒ¡ãƒ³ãƒãƒ¼ â€å ±é“ç™ºè¡¨ å½“æ—¥ã®æœâ€ ç•ªçµ„åéŒ²ã®æ§˜å­
685,ã‚ã‚‹ã‚¢ãƒ—ãƒªã§å¤§é‡ã®ãƒ‰ãƒªãƒ³ã‚¯ã‚’å…¥æ‰‹ã§ãã‚‹æ–¹æ³•ãŒã‚ã‚Šã¾ã—ãŸ...
686,ã‚ã‚‹ã‚¢ãƒ—ãƒªã§å¤§é‡ã®ãƒ‰ãƒªãƒ³ã‚¯ã‚’å…¥æ‰‹ã§ãã‚‹æ–¹æ³•ãŒã‚ã‚Šã¾ã—ãŸ...
687,"HOT: NhÃ£ PhÆ°Æ¡ng Má»‡t Má»i, KhÃ´ng Muá»‘n Gáº·pTrÆ°á»ng Giang Máº·c DÃ¹ Xuáº¥t Hiá»‡n TrÃªn CÃ¹ng Má»™t SÃ¢n Kháº¥u"
688,"HOT: NhÃ£ PhÆ°Æ¡ng Má»‡t Má»i, KhÃ´ng Muá»‘n Gáº·pTrÆ°á»ng Giang Máº·c DÃ¹ Xuáº¥t Hiá»‡n TrÃªn CÃ¹ng Má»™t SÃ¢n Kháº¥u"
689,æ”¿åºœã‹ã‚‰ã®è¦è«‹ï¼ŸçµŒæ¸ˆç”£æ¥­çœã®å®˜åƒšã‹ã‚‰å‘¼ã³å‡ºã•ã‚ŒãŸã®ã§è¡Œã£ã¦ã¿ãŸ
690,æ”¿åºœã‹ã‚‰ã®è¦è«‹ï¼ŸçµŒæ¸ˆç”£æ¥­çœã®å®˜åƒšã‹ã‚‰å‘¼ã³å‡ºã•ã‚ŒãŸã®ã§è¡Œã£ã¦ã¿ãŸ
691,YouTuberãƒã‚¹ã‚±çƒæŠ€å¤§ä¼šã§è¦‹äº‹ã«å„ªå‹ã¯ã§ãã‚‹ã‹ï¼ï¼Ÿ
692,YouTuberãƒã‚¹ã‚±çƒæŠ€å¤§ä¼šã§è¦‹äº‹ã«å„ªå‹ã¯ã§ãã‚‹ã‹ï¼ï¼Ÿ
693,ã€ã‚¬ãƒã™ãwã€‘ã‚¢ã‚«ãƒšãƒ©æ¡ç‚¹ãƒãƒˆãƒ«ã§é«˜å¾—ç‚¹é€£ç™ºï¼ï¼ï¼
694,"ä»Šã¾ã§ã§No,1ã«å·¨å¤§ãªã‚¢ã‚¹ãƒ¬ãƒãƒƒã‚¯ãŒéå»ï¼‘ç•ªã«å¤§å¤‰ã ã£ãŸï¼ï¼"
695,BeyoncÃ© Epic Coachella Opening - Crazy in Love
696,BeyoncÃ© Epic Coachella Opening - Crazy in Love
697,ã€å¥åº·è¨ºæ–­ã€‘è¨ºæ–­ã®çµæœã€ç²¾å¯†æ¤œæŸ»ãŒå¿…è¦ã«ãªã‚Šã¾ã—ãŸã€‚
698,Cast of Avengers: Infinity War Reveals Least Trustworthy Avenger
699,GHEA - AKU CINTA KAU DAN DIA (Ahmad Band) - Spekta Show Top 8 - Indonesian Idol 2018
700,GHEA - AKU CINTA KAU DAN DIA (Ahmad Band) - Spekta Show Top 8 - Indonesian Idol 2018
701,THE RAPPER | EP.08 | 28 à¸à¸¤à¸©à¸ à¸²à¸„à¸¡ 2561 Full EP
702,Donald Trump Is Coming For Your Guns
703,Nhanh NhÆ° Chá»›p | Táº­p 6 Full: TrÆ°á»ng Giang-Hari Won Báº¥t Ngá» TrÆ°á»›c Sá»± NgÃ¢y NgÃ´ Cá»§a Lan HÆ°Æ¡ng FAP TV
704,å¥³å­ã¯ç”·å­ã®1På¾Œã‚’ã™ãã«è¦‹åˆ†ã‘ã‚‹!? ã±ã„ã±ã„ã§ã‹ç¾ã‚‚ç”·å‹é”2äººã¨â€¦ï½œDTãƒ†ãƒ¬ãƒ“#22ï½œæ¯é€±é‡‘æ›œã‚ˆã‚‹11æ™‚ã‚¢ãƒ™ãƒTVã§æ”¾é€ä¸­ï¼
705,å¤§äººæ•°ã§ãƒªã‚¢ãƒ«ãƒ†ãƒ¼ãƒ–ãƒ«ã‚µãƒƒã‚«ãƒ¼ã—ã¦ã¿ãŸï½—ï½—ï½—
706,å¤§äººæ•°ã§ãƒªã‚¢ãƒ«ãƒ†ãƒ¼ãƒ–ãƒ«ã‚µãƒƒã‚«ãƒ¼ã—ã¦ã¿ãŸï½—ï½—ï½—
707,ã€ã‚±ãƒ³ã‚«å¯¸å‰ã€‘å®¶ã®å‰ã®ãƒ¤ãƒ³ã‚­ãƒ¼é”ãŒãƒã‚¸ã§ã†ã‚‹ã›ãˆã€‚
708,ã€ã‚±ãƒ³ã‚«å¯¸å‰ã€‘å®¶ã®å‰ã®ãƒ¤ãƒ³ã‚­ãƒ¼é”ãŒãƒã‚¸ã§ã†ã‚‹ã›ãˆã€‚
709,ã€ã‚±ãƒ³ã‚«å¯¸å‰ã€‘å®¶ã®å‰ã®ãƒ¤ãƒ³ã‚­ãƒ¼é”ãŒãƒã‚¸ã§ã†ã‚‹ã›ãˆã€‚
710,ã€ã‚±ãƒ³ã‚«å¯¸å‰ã€‘å®¶ã®å‰ã®ãƒ¤ãƒ³ã‚­ãƒ¼é”ãŒãƒã‚¸ã§ã†ã‚‹ã›ãˆã€‚
711,Pilipinas Got Talent 2018 Auditions: Mad Queens - Dance
712,Pilipinas Got Talent 2018 Auditions: Mad Queens - Dance
713,Pilipinas Got Talent 2018 Auditions: Rodimer Baselotte - Sing
714,The Return of Whiteface Man
715,The Return of Whiteface Man
716,We Take a DNA Test
717,ãƒ¦ãƒ¼ãƒãƒ¥ãƒ¼ãƒã‚™ãƒ¼ã‚¹ãƒ›ã‚šãƒ¼ãƒ„ç‹æ±ºå®šæˆ¦ï¼é‹å‹•ç¥çµŒã‹ã‚™1ç•ªã„ã„ã®ã¯èª°ãŸã‚™!?ã€ãƒ’ã‚«ã‚­ãƒ³ vs ãƒ³ãƒ€ãƒ› vs ã¦ã¤ã‚„ã€‘
718,ãƒ¦ãƒ¼ãƒãƒ¥ãƒ¼ãƒã‚™ãƒ¼ã‚¹ãƒ›ã‚šãƒ¼ãƒ„ç‹æ±ºå®šæˆ¦ï¼é‹å‹•ç¥çµŒã‹ã‚™1ç•ªã„ã„ã®ã¯èª°ãŸã‚™!?ã€ãƒ’ã‚«ã‚­ãƒ³ vs ãƒ³ãƒ€ãƒ› vs ã¦ã¤ã‚„ã€‘
719,é›ªåˆæˆ¦ã¯ã“ã“ã¾ã§é€²åŒ–ã—ã¦ã„ã‚‹ã‚“ã§ã™ã€é…ã‚Œã‚‹ãªã‚ˆï¼ï¼Ÿ
720,ã€Chase Tagã€‘ã‚¢ã‚¯ãƒ­ãƒãƒ†ã‚£ãƒƒã‚¯ã™ãã‚‹é¬¼ã”ã£ã“ç«¶æŠ€ãŒãƒãƒ³ãƒ‘ã˜ã‚ƒãªã„ï¼ï¼
721,ã€Chase Tagã€‘ã‚¢ã‚¯ãƒ­ãƒãƒ†ã‚£ãƒƒã‚¯ã™ãã‚‹é¬¼ã”ã£ã“ç«¶æŠ€ãŒãƒãƒ³ãƒ‘ã˜ã‚ƒãªã„ï¼ï¼
722,ã€é›£é–¢ã€‘SASUKEã®ã‚ˆã†ãªã‚¢ã‚¹ãƒ¬ãƒãƒƒã‚¯ãŒã—ã‚“ã©ã™ãã¦é™ç•Œçªç ´ã—ãŸï¼ï¼ï¼
723,"Trump Ignores U.S. Allies, Leaves The Iran Deal"
724,ã€é€Ÿå ±ã€‘AirPodsãŒã‚¢ãƒã‚¾ãƒ³ã§800å††ã§å£²ã‚‰ã‚Œã¦ã„ã‚‹ï¼ï¼Ÿ
725,ã€é€Ÿå ±ã€‘AirPodsãŒã‚¢ãƒã‚¾ãƒ³ã§800å††ã§å£²ã‚‰ã‚Œã¦ã„ã‚‹ï¼ï¼Ÿ
726,ë…¸ì„ ì˜ ë”°ëŒë¦¬ëŠ” ê¹€ë³´ë¦„Â·ë°•ì§€ìš° ëª¨ìŠµì— ì œê°ˆì„±ë ¬ ë°°ì„±ì¬ê°€ ë‚ ë¦° ì¼ì¹¨ [í‰ì°½ì˜¬ë¦¼í”½]
727,ä¹ƒæœ¨å‚46 ç™½çŸ³éº»è¡£ã®å¤©ç‹—ãªæ…‹åº¦ã«ç‚ä¸Š Nogizaka46 Shiraishi Mai
728,ä¹ƒæœ¨å‚46 ç™½çŸ³éº»è¡£ã®å¤©ç‹—ãªæ…‹åº¦ã«ç‚ä¸Š Nogizaka46 Shiraishi Mai
729,The Kids From Florida Aren't Acting
730,ã“ã®å‹•ç”»ã™ãã‚™æ¶ˆã—ã¾ã™
731,ã“ã®å‹•ç”»ã™ãã‚™æ¶ˆã—ã¾ã™
732,ã€äº‹ä»¶ã€‘ã¯ã—ã‚™ã‚ã—ã‚ƒã¡ã‚‡ãƒ¼ã®å®¶ã«ãƒ¤ãƒã‚¤äººãŒè¥²æ’ƒã€‚
733,ã€äº‹ä»¶ã€‘ã¯ã—ã‚™ã‚ã—ã‚ƒã¡ã‚‡ãƒ¼ã®å®¶ã«ãƒ¤ãƒã‚¤äººãŒè¥²æ’ƒã€‚
734,æ—¥æœ¬åˆï¼ã‚¨ã‚¢ã‚¢ã‚¹ãƒ¬ãƒãƒƒã‚¯ã‚„ã£ãŸã‚‰ã¨ã‚“ã§ã‚‚ãªã„è¨˜éŒ²å‡ºãŸï¼ï¼
735,PRODUCE48 [ìµœì´ˆê³µê°œ] í”„ë¡œë“€ìŠ¤48_ë‚´êº¼ì•¼(PICK ME) Performance 180615 EP.0
736,å°å¹³å¥ˆç·’ã®è¦ªå‹ã€æç›¸èŠ±ãŒéŸ“å›½ãƒ¡ãƒ‡ã‚£ã‚¢ã ã‘ã«è©±ã—ãŸã€Œã‚ã‚‹è¨€è‘‰ã€ãŒãƒ¤ãƒã™ãã‚‹â€¦æ¶™ãŒæ­¢ã¾ã‚‰ãªã„â€¦ã€mayuã€‘
737,å°å¹³å¥ˆç·’ã®è¦ªå‹ã€æç›¸èŠ±ãŒéŸ“å›½ãƒ¡ãƒ‡ã‚£ã‚¢ã ã‘ã«è©±ã—ãŸã€Œã‚ã‚‹è¨€è‘‰ã€ãŒãƒ¤ãƒã™ãã‚‹â€¦æ¶™ãŒæ­¢ã¾ã‚‰ãªã„â€¦ã€mayuã€‘
738,NhÃ£ PhÆ°Æ¡ng KhÃ³c SÆ°ng Cáº£ Máº¯t TrÆ°á»›c Viá»‡c Nam Em CÃ´ng Khai YÃªu TrÆ°á»ng Giang
739,Nguyá»…n HÆ°Æ¡ng Giang - NgÆ°á»i Láº¡ Æ i | Táº­p 3 VÃ²ng Giáº¥u Máº·t | The Voice - Giá»ng HÃ¡t Viá»‡t 2018
740,é«˜ç´šãƒ‰ãƒªã‚¢ãƒ³ã‚’ãã®ã¾ã¾ã‚¸ãƒ¥ãƒ¼ã‚¹ã«ã—ã‚ˆã†ã¨ã—ãŸã‚‰è‡­ã™ãã¦å€’ã‚Œã‹ã‘ãŸã€‚
741,Chi Pu | ÄÃ“A HOA Há»’NG (QUEEN) - Official M/V Dance Version
742,Chi Pu | ÄÃ“A HOA Há»’NG (QUEEN) - Official M/V Dance Version
743,Trump Wants More Guns In Schools
744,Trump Says Giuliani Will 'Get His Facts Straight'
745,FORTNITE The Movie (Official Fake Trailer)
746,ã¯ã˜ã‚ã€å›½æ°‘çš„ã‚¹ãƒ¼ãƒ‘ãƒ¼ã‚¢ã‚¤ãƒ‰ãƒ«ã«å›²ã¾ã‚Œã‚‹wwwwwww
747,Bohemian Rhapsody: The Movie - Official Teaser Trailer  (HD)
748,Bohemian Rhapsody: The Movie - Official Teaser Trailer  (HD)
749,ã€æ–°æ›²ã€‘ã‚µãƒ¨ãƒŠãƒ©ã¾ãŸãª/Fischerâ€™s
750,ã€æ–°æ›²ã€‘ã‚µãƒ¨ãƒŠãƒ©ã¾ãŸãª/Fischerâ€™s
751,ã€100ä¸‡å††ä¼ç”»ã€‘æ± ãŒå®Œæˆã—ã¾ã—ãŸï¼åå‰ã‚’æ±ºã‚ã¾ã™ã€‚
752,YouTuberãƒã‚¹ã‚±çƒæŠ€å¤§ä¼šã§è¦‹äº‹ã«å„ªå‹ã¯ã§ãã‚‹ã‹ï¼ï¼Ÿ
753,ã€å¿ƒéœŠã€‘é™¤éœŠã«è¡Œã£ã¦ã‚ã‹ã£ãŸè¡æ’ƒã®çœŸå®ŸãŒæ€–ã™ããŸã€‚
754,ã€å¿ƒéœŠã€‘é™¤éœŠã«è¡Œã£ã¦ã‚ã‹ã£ãŸè¡æ’ƒã®çœŸå®ŸãŒæ€–ã™ããŸã€‚
755,James Corden Explains His Resting Royal Wedding Face
756,James Corden Explains His Resting Royal Wedding Face
757,ë®¤ì§ë±…í¬ Music Bank - What is Love? - TWICE(íŠ¸ì™€ì´ìŠ¤).20180413
758,ë®¤ì§ë±…í¬ Music Bank - What is Love? - TWICE(íŠ¸ì™€ì´ìŠ¤).20180413
759,ã€ãƒã‚¹ã‚±ãƒ‰ãƒƒã‚­ãƒªã€‘é»’äººé¸æ‰‹ãŒå®Ÿã¯é›‘é­šã§éš£ã®é¸æ‰‹ãŒå…¨å›½çµŒé¨“è€…ã®æœ€å¼·ãƒ—ãƒ¬ã‚¤ãƒ¤ãƒ¼ã ã£ãŸã‚‰ã€‚
760,Real life FORTNITE for DINNER! Kluna Tik Dinner | ASMR eating sounds La vida real Echtes Leben
761,Real life FORTNITE for DINNER! Kluna Tik Dinner | ASMR eating sounds La vida real Echtes Leben
762,Jodie Foster and Jennifer Lawrence Present the Oscar 2018 Best Actress Nominees
763,ã€å¤§æµè¡Œã€‘ã‚¢ãƒ«ãƒŸãƒ›ã‚¤ãƒ«ï¼‘ï¼ï¼mã‚’å©ãã¾ãã‚‹ã¨ã™ã”ã„ã‚‰ã—ã„ï¼ï¼
764,iPhoneã®ç€ä¿¡éŸ³éš£ã®éƒ¨å±‹ã§ç”Ÿæ¼”å¥ã•ã‚ŒãŸã‚‰ã¤ã„ã¤ã„è‡ªåˆ†ã®æºå¸¯è¦‹ã¡ã‚ƒã†èª¬(æ°´)3/28ã€æ°´æ›œæ—¥ã®ãƒ€ã‚¦ãƒ³ã‚¿ã‚¦ãƒ³ã€‘
765,[EXID(ì´ì—‘ìŠ¤ì•„ì´ë””)] ë‚´ì¼í•´(LADY) ë®¤ì§ ë¹„ë””ì˜¤ (Official Music Video)
766,[EXID(ì´ì—‘ìŠ¤ì•„ì´ë””)] ë‚´ì¼í•´(LADY) ë®¤ì§ ë¹„ë””ì˜¤ (Official Music Video)
767,BREAKING: Avicii Dead at 28 | TMZ
768,é›ªåˆæˆ¦ã¯ã“ã“ã¾ã§é€²åŒ–ã—ã¦ã„ã‚‹ã‚“ã§ã™ã€é…ã‚Œã‚‹ãªã‚ˆï¼ï¼Ÿ
769,é›ªåˆæˆ¦ã¯ã“ã“ã¾ã§é€²åŒ–ã—ã¦ã„ã‚‹ã‚“ã§ã™ã€é…ã‚Œã‚‹ãªã‚ˆï¼ï¼Ÿ
770,UGANDAN KNUCKLES LASAGNA  - Cooking Dead Memes
771,Guardianship: Last Week Tonight with John Oliver (HBO)
772,ã€Chase Tagã€‘ã‚¢ã‚¯ãƒ­ãƒãƒ†ã‚£ãƒƒã‚¯ã™ãã‚‹é¬¼ã”ã£ã“ç«¶æŠ€ãŒãƒãƒ³ãƒ‘ã˜ã‚ƒãªã„ï¼ï¼
773,æ—¥æœ¬åˆï¼ã‚¨ã‚¢ã‚¢ã‚¹ãƒ¬ãƒãƒƒã‚¯ã‚„ã£ãŸã‚‰ã¨ã‚“ã§ã‚‚ãªã„è¨˜éŒ²å‡ºãŸï¼ï¼
774,é‰„è…•DASH!!ã€å±±å£ã®ä»¶ã§ç¦å³¶ã®æ–¹ã€…ã«è¬ç½ªã™ã‚‹åŸå³¶ã€‘2018.05.13
775,é‰„è…•DASH!!ã€å±±å£ã®ä»¶ã§ç¦å³¶ã®æ–¹ã€…ã«è¬ç½ªã™ã‚‹åŸå³¶ã€‘2018.05.13
776,Pilipinas Got Talent 2018 Auditions: Mad Queens - Dance
777,Corporate Taxes: Last Week Tonight with John Oliver (HBO)
778,Deadpool Takes Over Stephen's Monologue
779,Deadpool Takes Over Stephen's Monologue
780,MARVEL INFINITY WARS DISINTEGRATION MEME MAKES ME HAHA
781,YOU INDIA YOU LOSE
782,ã€æ–°æ›²ã€‘ã‚µãƒ¨ãƒŠãƒ©ã¾ãŸãª/Fischerâ€™s
783,Workers Thought Theyâ€™d Found A Muddy Puppy  But They Cleaned It Off And Got The Cutest Surprise
784,Workers Thought Theyâ€™d Found A Muddy Puppy  But They Cleaned It Off And Got The Cutest Surprise
785,How I Made My Millions! (and so can you) ğŸ’°ğŸ’°ğŸ’°
786,Immigration Courts: Last Week Tonight with John Oliver (HBO)
787,ë°©íƒ„ì†Œë…„ë‹¨ - FAKE LOVE (BTS - FAKE LOVE) â”‚BTS COMEBACK SHOW 180524 180524
788,ë°©íƒ„ì†Œë…„ë‹¨ - FAKE LOVE (BTS - FAKE LOVE) â”‚BTS COMEBACK SHOW 180524 180524
789,WRECK IT RALPH 2 Trailer 2 (2018)
790,WRECK IT RALPH 2 Trailer 2 (2018)
791,ã€äº‹ä»¶ã€‘ã¯ã—ã‚™ã‚ã—ã‚ƒã¡ã‚‡ãƒ¼ã®å®¶ã«ãƒ¤ãƒã‚¤äººãŒè¥²æ’ƒã€‚
792,SOMEONE STOP THIS MADMAN!
793,Rehab: Last Week Tonight with John Oliver (HBO)
794,Rehab: Last Week Tonight with John Oliver (HBO)
795,ã‚­ã‚¹ã«ã‚‚è¨€åŠ å±±å£ãƒ¡ãƒ³ãƒãƒ¼ â€å ±é“ç™ºè¡¨ å½“æ—¥ã®æœâ€ ç•ªçµ„åéŒ²ã®æ§˜å­
796,Stupid Watergate II: Last Week Tonight with John Oliver (HBO)
797,LOGAN PAULS SISTER WANTS TO DO YOUTUBE
798,Pilipinas Got Talent 2018 Grand Finals: Joven Olvido - Vape Tricks
799,Iran Deal: Last Week Tonight with John Oliver (HBO)
800,ã€å¿ƒéœŠã€‘é™¤éœŠã«è¡Œã£ã¦ã‚ã‹ã£ãŸè¡æ’ƒã®çœŸå®ŸãŒæ€–ã™ããŸã€‚
801,ã€å¿ƒéœŠã€‘é™¤éœŠã«è¡Œã£ã¦ã‚ã‹ã£ãŸè¡æ’ƒã®çœŸå®ŸãŒæ€–ã™ããŸã€‚
802,AsÃ­ fue el Ã©pico capÃ­tulo final 131 de DBS | ReacciÃ³n grupal en MÃ©xico | WeroKing
803,AsÃ­ fue el Ã©pico capÃ­tulo final 131 de DBS | ReacciÃ³n grupal en MÃ©xico | WeroKing
804,ThÃ¡ch thá»©c danh hÃ i 4 | táº­p 15 full: CÃ´ gÃ¡i máº·t báº¥t biáº¿n láº¡i gÃ¢y bÃ£o khi áºµm liá»n tay 150 triá»‡u
805,ThÃ¡ch thá»©c danh hÃ i 4 | táº­p 15 full: CÃ´ gÃ¡i máº·t báº¥t biáº¿n láº¡i gÃ¢y bÃ£o khi áºµm liá»n tay 150 triá»‡u
806,"15 YEAR OLD CRIES OVER NOT GETTING $231,000"
807,"15 YEAR OLD CRIES OVER NOT GETTING $231,000"
808,Avicii - Wake Me Up
809,Tawag ng Tanghalan: Janine Berdin | Bamboo Medley (Final 3 Performance)
810,Billionaire Bill Gates Guesses Grocery Store Prices
811,Billionaire Bill Gates Guesses Grocery Store Prices
812,Mike Pence: Last Week Tonight with John Oliver (HBO)
813,Mike Pence: Last Week Tonight with John Oliver (HBO)
814,NRA TV: Last Week Tonight with John Oliver (HBO)
815,è¶…è©±é¡Œã«ãªã£ãŸã‚¤ãƒ³ã‚¿ãƒ“ãƒ¥ãƒ¼ã¾ã¨ã‚ï¼ˆæœ€å¼·æ‰“ç·šï¼‰
816,è¶…è©±é¡Œã«ãªã£ãŸã‚¤ãƒ³ã‚¿ãƒ“ãƒ¥ãƒ¼ã¾ã¨ã‚ï¼ˆæœ€å¼·æ‰“ç·šï¼‰
817,"Nhanh NhÆ° Chá»›p | Táº­p 10 Full: TrÆ°á»ng Giang, Hari Won, Diá»‡u Nhi Pháº¥n KhÃ­ch Cá»±c Äá»™ Khi Elly Tháº¯ng Lá»›n"
818,Pilipinas Got Talent 2018 Semifinals: Joven Olvido - Vape Tricks
819,Pilipinas Got Talent 2018 Semifinals: Joven Olvido - Vape Tricks
820,ç›´æ’­å›çœ‹ï¼š2018ä¸­å¤®ç”µè§†å°æ˜¥èŠ‚è”æ¬¢æ™šä¼š | 2018 CCTV Spring Festival Gala
821,ç›´æ’­å›çœ‹ï¼š2018ä¸­å¤®ç”µè§†å°æ˜¥èŠ‚è”æ¬¢æ™šä¼š | 2018 CCTV Spring Festival Gala
822,Trump vs. The World: Last Week Tonight with John Oliver (HBO)
823,Rudy Giuliani: Last Week Tonight with John Oliver (HBO)
824,Hidden Meanings Behind Childish Gambino's 'This Is America' Video Explained
825,Cryptocurrencies: Last Week Tonight with John Oliver (HBO)
826,ç›´æ’­å›çœ‹ï¼š2018ä¸­å¤®ç”µè§†å°æ˜¥èŠ‚è”æ¬¢æ™šä¼šï¼ˆå®Œæ•´ç‰ˆï¼‰ | 2018 CCTV Spring Festival Gala
827,PHIM Láº¬T Máº¶T 2 FULL - (Phim HÃ nh Äá»™ng HÃ i Táº¿t 2018) | LÃ½ Háº£i Production
828,Halloween - Official Trailer (HD)
829,è¶…è©±é¡Œã«ãªã£ãŸã‚¤ãƒ³ã‚¿ãƒ“ãƒ¥ãƒ¼ã¾ã¨ã‚ï¼ˆæœ€å¼·æ‰“ç·šï¼‰
830,Extremeley Satisfying Compilation( 99Ùª will be satisfied )
831,Jimmy Kimmel's Oscars Monologue 2018
832,NOGIZAKA46 6th Anniversary ä¹ƒæœ¨å‚46æ™‚é–“TV
833,NOGIZAKA46 6th Anniversary ä¹ƒæœ¨å‚46æ™‚é–“TV
834,BeyoncÃ© Epic Coachella Opening - Crazy in Love
835,Cryptocurrencies: Last Week Tonight with John Oliver (HBO)
836,Cardi B Showed Ellen How She Got Pregnant
837,Jurassic World: Fallen Kingdom - Final Trailer [HD]
838,ThÃ¡ch thá»©c danh hÃ i 4 | táº­p 15 full: CÃ´ gÃ¡i máº·t báº¥t biáº¿n láº¡i gÃ¢y bÃ£o khi áºµm liá»n tay 150 triá»‡u
839,RIP LIL TAY
840,RIP LIL TAY
841,OCEAN'S 8 - Official Main Trailer
842,VENOM - Official Teaser Trailer (HD)
843,VENOM - Official Teaser Trailer (HD)
844,SPIDER-MAN: INTO THE SPIDER-VERSE - Official Trailer (HD)
845,SPIDER-MAN: INTO THE SPIDER-VERSE - Official Trailer (HD)
846,MOWGLI - Official 1st Trailer
847,MOWGLI - Official 1st Trailer
848,HOW TO TRAIN YOUR DRAGON 3 Trailer (2019)
849,HOW TO TRAIN YOUR DRAGON 3 Trailer (2019)
850,Race 3 | Official Trailer | Salman Khan | Remo Dsouza | Releasing on 15th June 2018 | #Race3ThisEID
851,Race 3 | Official Trailer | Salman Khan | Remo Dsouza | Releasing on 15th June 2018 | #Race3ThisEID
852,NOGIZAKA46 6th Anniversary ä¹ƒæœ¨å‚46æ™‚é–“TV
853,NOGIZAKA46 6th Anniversary ä¹ƒæœ¨å‚46æ™‚é–“TV
854,Marvel Studios' Ant-Man and The Wasp - Official Trailer
855,Marvel Studios' Ant-Man and The Wasp - Official Trailer
856,Jurassic World: Fallen Kingdom - Final Trailer [HD]
857,Marvel Studios' Ant-Man and The Wasp - Official Trailer
858,Marvel Studiosâ€™ Avengers: Infinity War - Big Game Spot
859,Marvel Studiosâ€™ Avengers: Infinity War - Big Game Spot
860,Marvel Studiosâ€™ Avengers: Infinity War - Big Game Spot
861,Marvel Studiosâ€™ Avengers: Infinity War - Big Game Spot
862,Sanju | Official Teaser | Ranbir Kapoor | Rajkumar Hirani
863,Marvel Studios' Avengers: Infinity War - Official Trailer
864,Marvel Studios' Avengers: Infinity War - Official Trailer
865,VENOM - Official Trailer (HD)
866,Marvel Studios' Avengers: Infinity War - Official Trailer
867,VENOM - Official Trailer (HD)
868,"WOW! Roseanne Canceled Over Tweet, PUBG Sues Fortnite, Puerto Rico & More..."
869,"DISGUSTING! Huge Scam Exposed, Spotify Crackdown Stirs 6ix9ine Debate, Jake Paul Challenge, And More"
870,ã€ä¼šè¦‹å…¨ç·¨ã€‘ã‚¢ãƒ¡ãƒ•ãƒˆåå‰‡ã‚¿ãƒƒã‚¯ãƒ«å•é¡Œã€€æ—¥å¤§ã®å†…ç”°å‰ç›£ç£ã‚‰ãŒä¼šè¦‹ï¼ˆ2018å¹´5æœˆ23æ—¥ï¼‰
871,ã€ä¼šè¦‹å…¨ç·¨ã€‘ã‚¢ãƒ¡ãƒ•ãƒˆåå‰‡ã‚¿ãƒƒã‚¯ãƒ«å•é¡Œã€€æ—¥å¤§ã®å†…ç”°å‰ç›£ç£ã‚‰ãŒä¼šè¦‹ï¼ˆ2018å¹´5æœˆ23æ—¥ï¼‰
872,ç´€å·ã®ãƒ‰ãƒ³ãƒ•ã‚¡ãƒ³ã®çµå©šç›¸æ‰‹ã€éå»ã®â€ãƒ“ãƒ‡ã‚ªå‡ºæ¼”â€ç–‘æƒ‘ã«ä¸€åŒé©šæ„•ï¼
873,ç´€å·ã®ãƒ‰ãƒ³ãƒ•ã‚¡ãƒ³ã®çµå©šç›¸æ‰‹ã€éå»ã®â€ãƒ“ãƒ‡ã‚ªå‡ºæ¼”â€ç–‘æƒ‘ã«ä¸€åŒé©šæ„•ï¼
874,R1ãã‚‰ã‚“ã·ã‚Šã§ç´ºé‡ã¶ã‚‹ã¾ãŒæ¿±ç”°ç¥å¤ªéƒã«å¯©æŸ»çµæœã®çŠ¶æ³ã‚’ä¼ãˆã‚‹
875,ì´ì¬ëª… 'ì¸í„°ë·° íƒœë„' ë…¼ë€ì˜ ì§„ì‹¤ì€?
876,ì´ì¬ëª… 'ì¸í„°ë·° íƒœë„' ë…¼ë€ì˜ ì§„ì‹¤ì€?
877,ã€Œæœ¬èƒ½å¯ºã®å¤‰ã€ãƒ€ãƒ³ã‚¹ã§äººæ°—ã€€ãƒ¡ãƒ³ãƒãƒ¼ã®ç”·æ›¸é¡é€æ¤œ(18/05/02)
878,ã€Œæœ¬èƒ½å¯ºã®å¤‰ã€ãƒ€ãƒ³ã‚¹ã§äººæ°—ã€€ãƒ¡ãƒ³ãƒãƒ¼ã®ç”·æ›¸é¡é€æ¤œ(18/05/02)
879,Robert de Niro's 'Fuck Trump' speech at Tony awards
880,ê¹€ë³´ë¦„ ì§„ì‹¬ìœ¼ë¡œ ì‚¬ê³¼ë“œë¦½ë‹ˆë‹¤..ê²°êµ­ ëˆˆë¬¼ë¡œ ì‚¬ì£„ (ê¸°ìíšŒê²¬ í’€ì˜ìƒ) / SBS / 2018 í‰ì°½ì˜¬ë¦¼í”½
881,è­¦å¯Ÿå®˜ãŒ2äººãŒã‹ã‚Šã§ãƒ»ãƒ»ãƒ»åˆ‘å‹™æ‰€ã‹ã‚‰é€ƒèµ°ã€€ç¢ºä¿ã®ç¬é–“(18/04/30)
882,èª°ã‚‚è§¦ã‚Œãªã„æ—¥æœ¬ã®é—‡2é¸
883,Malian hero scales Paris building to save child
884,Malian hero scales Paris building to save child
885,NEWSæ‰‹è¶Šã¨æœªæˆå¹´å¥³æ€§ã®ã€Œé£²é…’ãƒ‘ãƒ¼ãƒ†ã‚£ãƒ¼ã€å‹•ç”»ã€Šäºˆå‘Šç·¨ã€‹
886,NEWSæ‰‹è¶Šã¨æœªæˆå¹´å¥³æ€§ã®ã€Œé£²é…’ãƒ‘ãƒ¼ãƒ†ã‚£ãƒ¼ã€å‹•ç”»ã€Šäºˆå‘Šç·¨ã€‹
887,Dennis Rodman gets emotional after Trump-Kim summit
888,Malian hero scales Paris building to save child
889,No VIP treatment for Salman Khan in jail: Jodhpur DIG (Prisons)
890,A Japanese Take on American Sushi
891,Pastry Chef Attempts To Make Gourmet Skittles | Gourmet Makes | Bon AppÃ©tit
892,Pastry Chef Attempts To Make Gourmet Skittles | Gourmet Makes | Bon AppÃ©tit
893,Philip DeFranco Sets a YouTube Record While Eating Spicy Wings | Hot Ones
894,I Went To Japan To Make The Most Difficult Omelet
895,9 Edible School Supplies! Weird Ways To Sneak Food Into Class
896,9 Edible School Supplies! Weird Ways To Sneak Food Into Class
897,Cooking birthday presents for my wife!
898,"æ³¨ç›®ã®æ–°æ˜Ÿãƒ¢ãƒ‡ãƒ«ã€KÅki, ã¤ã„ã«ãƒ‡ãƒ“ãƒ¥ãƒ¼ï¼"
899,"æ³¨ç›®ã®æ–°æ˜Ÿãƒ¢ãƒ‡ãƒ«ã€KÅki, ã¤ã„ã«ãƒ‡ãƒ“ãƒ¥ãƒ¼ï¼"
900,20 STUDENT HACKS AND DIYs
901,20 STUDENT HACKS AND DIYs
902,A Japanese Take on American Sushi
903,"æ³¨ç›®ã®æ–°æ˜Ÿãƒ¢ãƒ‡ãƒ«ã€KÅki, ã¤ã„ã«ãƒ‡ãƒ“ãƒ¥ãƒ¼ï¼"
904,"æ³¨ç›®ã®æ–°æ˜Ÿãƒ¢ãƒ‡ãƒ«ã€KÅki, ã¤ã„ã«ãƒ‡ãƒ“ãƒ¥ãƒ¼ï¼"
905,Super Cool Clothing Revamps and More Life Hacks by Blossom
906,I Turn a Stainless Steel Bolt into a Beautiful little Hunting Knife
907,I Turn a Stainless Steel Bolt into a Beautiful little Hunting Knife
908,"Tyler, The Creator - OKRA"
909,"Tyler, The Creator - OKRA"
910,The Black Hole Bomb and Black Hole Civilizations
911,ãŠç±³ã‚’ç ”ãéãã‚‹ã¨åŒ…ä¸ã«ãªã‚‹ã®ã§ã—ã‚‡ã†ã‹ï¼Ÿ
912,ã‚¼ãƒªãƒ¼ã¯åŒ…ä¸ã«ãªã‚Šã¾ã™ã‹ï¼Ÿ
913,ã‚¼ãƒªãƒ¼ã¯åŒ…ä¸ã«ãªã‚Šã¾ã™ã‹ï¼Ÿ
914,ç‚™ã‚Šã‚¢ãƒ«ãƒŸãƒ›ã‚¤ãƒ«ã®åŒ…ä¸ã‚’ä½œã‚ŠãŸã„ï¼
915,ç‚™ã‚Šã‚¢ãƒ«ãƒŸãƒ›ã‚¤ãƒ«ã®åŒ…ä¸ã‚’ä½œã‚ŠãŸã„ï¼
916,Samsung Galaxy S9 and S9+: Official Introduction
917,ã‚¼ãƒªãƒ¼ã¯åŒ…ä¸ã«ãªã‚Šã¾ã™ã‹ï¼Ÿ
918,ã‚¼ãƒªãƒ¼ã¯åŒ…ä¸ã«ãªã‚Šã¾ã™ã‹ï¼Ÿ
919,Testing Robustness
920,"Getting some air, Atlas?"
921,"The ULTIMATE $30,000 Gaming PC Setup"
922,"The ULTIMATE $30,000 Gaming PC Setup"
923,"Hey Buddy, Can You Give Me a Hand?"
924,"Hey Buddy, Can You Give Me a Hand?"
925,HomePod â€” Welcome Home by Spike Jonze â€” Apple
926,WHAT HAPPENS IF YOU DROP BOWLING BALL INTO THE SHREDDING MACHINE?
927,WHAT HAPPENS IF YOU DROP BOWLING BALL INTO THE SHREDDING MACHINE?
928,Live Views of Starman
929,Live Views of Starman
930,Live Views of Starman
931,Live Views of Starman
932,Falcon Heavy Test Flight
933,Falcon Heavy Test Flight
934,Falcon Heavy Test Flight
935,Falcon Heavy Test Flight
936,Do You Hear Yanny or Laurel? (SOLVED with SCIENCE)
937,Do You Hear Yanny or Laurel? (SOLVED with SCIENCE)
